,number_of_atoms,charge,multiplicity,dipole,molar_mass,molar_volume,electronic_spatial_extent,E_scf,zero_point_correction,E_thermal_correction,H_thermal_correction,G_thermal_correction,E_zpe,E,H,G,stoichiometry,converged,homo_energy,lumo_energy,electronegativity,hardness,ES_root_dipole,ES_root_molar_volume,ES_root_electronic_spatial_extent,X_0,Y_0,Z_0,VBur_0,Mulliken_charge_0,APT_charge_0,NPA_charge_0,NPA_core_0,NPA_valence_0,NPA_Rydberg_0,NPA_total_0,NMR_shift_0,NMR_anisotropy_0,ES_root_Mulliken_charge_0,ES_root_NPA_charge_0,ES_root_NPA_core_0,ES_root_NPA_valence_0,ES_root_NPA_Rydberg_0,ES_root_NPA_total_0,ES_transition_0,ES_transition_1,ES_transition_2,ES_transition_3,ES_transition_4,ES_transition_5,ES_transition_6,ES_transition_7,ES_transition_8,ES_transition_9,ES_osc_strength_0,ES_osc_strength_1,ES_osc_strength_2,ES_osc_strength_3,ES_osc_strength_4,ES_osc_strength_5,ES_osc_strength_6,ES_osc_strength_7,ES_osc_strength_8,ES_osc_strength_9,ES_<S**2>_0,ES_<S**2>_1,ES_<S**2>_2,ES_<S**2>_3,ES_<S**2>_4,ES_<S**2>_5,ES_<S**2>_6,ES_<S**2>_7,ES_<S**2>_8,ES_<S**2>_9,at_0
NoLewisAcid,0,0,0,0,0,0,0,0,0,0,0,0,0,0,0,0,0,0,0,0,0,0,0,0,0,0,0,0,0,0,0,0,0,0,0,0,0,0,0,0,0,0,0,0,0,0,0,0,0,0,0,0,0,0,0,0,0,0,0,0,0,0,0,0,0,0,0,0,0,0,0,0,0,0,0
Br[Mg]C=C,7,0,1,3.1683,131.2547,916.026,1207.3757,-2849.84270049,0.042202,0.048044,0.048988,0.011393,-2849.814845,-2849.809003,-2849.808059,-2849.845654,C2H3BrMg,1.0,-0.26595,-0.0431,0.15452500000000002,0.11142500000000001,9.3331,824.424,1059.1594,0.68014,-0.230282,-0.000383,0.4286500943989931,0.469517,1.044989,1.23127,9.99800,0.75486,0.01587,10.76873,516.2556,281.9571,0.005908,0.62474,9.99868,1.34565,0.03093,11.37526,245.7,227.58,226.54,224.6,223.32,211.39,210.41,204.93,202.81,199.48,0.0132,0.0088,0.0399,0.1955,0.0766,0.0093,0.0002,0.0,0.0537,0.2318,0.0,0.0,0.0,0.0,0.0,0.0,0.0,0.0,0.0,0.0,Mg
Br[Mg]c1c(C)cccc1C,19,0,1,3.6646,209.3681,1738.573,3705.6425,-3082.13723616,0.145594,0.156382,0.157327,0.105724,-3082.006455,-3081.995667,-3081.994723,-3082.046326,C8H9BrMg,1.0,-0.23343,-0.03594,0.134685,0.098745,13.7575,2006.045,3422.9818,0.920357,0.014804,0.00021,0.5084172435494021,0.390663,1.075517,1.21762,9.99794,0.76782,0.01662,10.78238,512.6547,285.2008,-0.180271,0.58706,9.99824,1.38690,0.02779,11.41294,268.36,265.39,259.92,242.96,236.35,225.53,224.57,222.38,221.5,220.76,0.0003,0.0056,0.0145,0.1191,0.0161,0.0001,0.3272,0.0001,0.0323,0.0616,0.0,0.0,0.0,0.0,0.0,0.0,0.0,0.0,0.0,0.0,Mg
Br[Mg]c1cc(C)cc(c1)C,19,0,1,3.7901,209.3681,2113.137,4584.1966,-3082.13645881,0.146031,0.15684,0.157784,0.105778,-3082.006054,-3081.995245,-3081.994301,-3082.046307,C8H9BrMg,1.0,-0.231,-0.04266,0.13683,0.09417,15.4567,1911.886,4256.3323,-1.398791,-0.002684,2.4e-05,0.44815921963499056,0.433654,1.087398,1.24628,9.99790,0.73978,0.01604,10.75372,517.6974,279.1877,-0.138474,0.59763,9.99820,1.37496,0.02921,11.40237,284.43,274.45,253.46,237.53,234.72,231.13,230.47,230.45,227.18,225.22,0.0001,0.0098,0.0094,0.0003,0.1696,0.3823,0.0,0.0,0.0342,0.0796,0.0,0.0,0.0,0.0,0.0,0.0,0.0,0.0,0.0,0.0,Mg
Br[Mg]c1ccc(cc1)C,16,0,1,3.7897,195.3413,1385.86,4130.1916,-3042.81954059,0.118471,0.127387,0.128331,0.081692,-3042.715899,-3042.706983,-3042.706039,-3042.752678,C7H7BrMg,1.0,-0.2369,-0.04339,0.140145,0.09675500000000001,14.8786,1563.535,3824.7733,-1.230036,-0.003111,-0.000253,0.447293895531781,0.432359,1.100433,1.24683,9.99789,0.73932,0.01596,10.75317,517.3578,278.3524,-0.086753,0.62188,9.99841,1.35039,0.02932,11.37812,278.9,263.23,242.4,234.75,233.99,230.89,228.84,227.32,223.7,222.68,0.0101,0.0,0.0022,0.116,0.0,0.5613,0.0088,0.0367,0.0539,0.0179,0.0,0.0,0.0,0.0,0.0,0.0,0.0,0.0,0.0,0.0,Mg
Br[Mg]c1ccc(cc1)C(C)(C)C,25,0,1,3.7866,237.4217,1932.886,6934.68,-3160.755259,0.204056,0.217473,0.218418,0.161831,-3160.567296,-3160.553878,-3160.552934,-3160.609521,C10H13BrMg,1.0,-0.23669,-0.0432,0.139945,0.096745,15.6533,1531.721,6530.1582,2.408792,0.003443,-0.00016,0.446821900566394,0.431872,1.114344,1.24690,9.99789,0.73929,0.01592,10.75310,517.4177,278.8548,-0.093307,0.61804,9.99840,1.35425,0.02931,11.38196,278.5,264.58,243.26,235.48,233.86,231.94,229.06,227.19,224.39,223.64,0.0092,0.0002,0.0027,0.2239,0.0,0.5229,0.0044,0.0363,0.037,0.0387,0.0,0.0,0.0,0.0,0.0,0.0,0.0,0.0,0.0,0.0,Mg
Br[Mg]c1ccc(cc1)C(C)C,22,0,1,3.7534,223.3949,1782.365,6088.8709,-3121.44540808,0.17585,0.188124,0.189068,0.134376,-3121.285148,-3121.272875,-3121.271931,-3121.326622,C9H11BrMg,1.0,-0.23711,-0.04345,0.14028,0.09683,15.4131,1564.116,5736.0978,-2.074678,0.017853,-0.00055,0.44446192573945875,0.432404,1.110561,1.24702,9.99789,0.73915,0.01593,10.75298,517.4936,278.5252,-0.090521,0.61929,9.99840,1.35300,0.02930,11.38071,278.37,263.59,242.53,235.16,233.65,231.88,229.05,227.3,224.13,222.99,0.0095,0.0,0.0014,0.1884,0.0,0.5456,0.0054,0.0364,0.0604,0.0153,0.0,0.0,0.0,0.0,0.0,0.0,0.0,0.0,0.0,0.0,Mg
Br[Mg]c1ccc(cc1)C(F)(F)F,16,0,1,0.5086,249.3128,1172.566,6655.0199,-3340.53546743,0.095716,0.106342,0.107286,0.055968,-3340.458052,-3340.447426,-3340.446482,-3340.4978,C7H4BrF3Mg,1.0,-0.26438,-0.05447,0.159425,0.104955,10.8537,1705.551,6247.4085,2.371106,-0.001618,-0.00093,0.44713656387665196,0.452966,1.111460,1.25966,9.99799,0.72696,0.01539,10.74034,518.8384,279.1823,-0.074927,0.61919,9.99839,1.35432,0.02810,11.38081,252.95,250.0,241.29,232.18,229.87,228.05,225.49,221.07,214.46,212.52,0.0068,0.0014,0.008,0.0013,0.0375,0.0686,0.5953,0.039,0.0003,0.0009,0.0,0.0,0.0,0.0,0.0,0.0,0.0,0.0,0.0,0.0,Mg
Br[Mg]c1ccc(cc1)N(C)C,21,0,1,5.3459,224.3827,1819.134,6158.018,-3137.46120304,0.164307,0.175877,0.176821,0.12388,-3137.319768,-3137.308197,-3137.307253,-3137.360194,C8H10BrMgN,1.0,-0.18615,-0.03596,0.111055,0.07509500000000001,20.3809,1928.282,5673.6751,-2.065294,9.8e-05,0.000312,0.446821900566394,0.411336,1.121635,1.23536,9.99777,0.75051,0.01635,10.76464,514.7522,276.1407,-0.127120,0.61868,9.99819,1.35168,0.03145,11.38132,363.33,293.81,289.37,267.32,261.93,236.04,226.84,225.72,223.13,223.06,0.0073,0.0,0.3181,0.0254,0.0,0.5633,0.0204,0.0394,0.0104,0.002,0.0,0.0,0.0,0.0,0.0,0.0,0.0,0.0,0.0,0.0,Mg
Br[Mg]c1cccc(c1)C,16,0,1,3.5585,195.3413,1489.537,3888.0118,-3042.81936839,0.118475,0.127381,0.128325,0.081617,-3042.71549,-3042.706584,-3042.70564,-3042.752349,C7H7BrMg,1.0,-0.23665,-0.0439,0.140275,0.096375,14.9118,1692.656,3581.9674,-1.112247,0.110491,0.000372,0.44485525487728134,0.435069,1.085722,1.24744,9.99791,0.73868,0.01597,10.75256,517.8846,278.6667,-0.124762,0.60403,9.99825,1.36858,0.02914,11.39597,277.03,267.64,247.66,232.86,232.4,229.61,227.45,227.05,225.57,224.66,0.0024,0.0078,0.0099,0.2425,0.0002,0.0023,0.0355,0.3088,0.002,0.0758,0.0,0.0,0.0,0.0,0.0,0.0,0.0,0.0,0.0,0.0,Mg
Br[Mg]c1ccccc1,13,0,1,3.3715,181.3145,1204.848,3153.8801,-3003.50245555,0.091035,0.098931,0.099875,0.055706,-3003.424991,-3003.417095,-3003.416151,-3003.46032,C6H5BrMg,1.0,-0.24715,-0.04514,0.146145,0.10100500000000001,13.3713,1204.848,2874.7163,-0.735089,-0.000363,-0.000279,0.44745122718691,0.436541,1.086007,1.24866,9.99792,0.73751,0.01590,10.75134,518.0826,278.0812,-0.075719,0.62421,9.99846,1.34833,0.02899,11.37579,266.79,262.45,240.17,230.98,229.52,227.79,225.15,224.92,224.63,221.94,0.0102,0.0,0.0038,0.2519,0.0057,0.0365,0.3154,0.0,0.0705,0.0046,0.0,0.0,0.0,0.0,0.0,0.0,0.0,0.0,0.0,0.0,Mg
Br[Mg]c1ccccc1C,16,0,1,3.6429,195.3413,1386.991,3848.1059,-3042.81876808,0.118476,0.127384,0.128329,0.081607,-3042.715615,-3042.706707,-3042.705763,-3042.752484,C7H7BrMg,1.0,-0.23673,-0.04376,0.140245,0.096485,14.8618,1454.649,3585.7366,1.113818,0.105064,0.000382,0.4450912523599748,0.435366,1.087935,1.24759,9.99791,0.73854,0.01597,10.75241,517.9814,278.4583,-0.113514,0.60917,9.99829,1.36337,0.02917,11.39083,277.29,266.66,247.21,232.86,232.54,230.2,228.51,227.44,225.36,224.74,0.0041,0.0059,0.0108,0.227,0.0001,0.0002,0.3244,0.0355,0.0618,0.0183,0.0,0.0,0.0,0.0,0.0,0.0,0.0,0.0,0.0,0.0,Mg
Br[Zn]c1ccc(cc1)C,16,0,1,3.9702,236.4163,1540.039,3835.0307,-4621.8514232,0.118442,0.127496,0.12844,0.08105,-4621.744489,-4621.735435,-4621.734491,-4621.781881,C7H7BrZn,1.0,-0.24458,-0.02985,0.137215,0.10736499999999999,5.4071,1207.873,3623.7701,-0.99104,-0.001994,-0.000164,0.5587633731906859,0.496085,0.885580,1.01983,17.99729,10.97021,0.01267,28.98017,1851.2149,961.2211,0.349112,0.82880,17.99735,11.15973,0.01413,29.17120,240.61,232.35,228.84,223.68,220.92,212.94,206.72,203.89,200.62,199.98,0.0029,0.0043,0.317,0.0,0.0,0.0005,0.0078,0.0,0.0481,0.0078,0.0,0.0,0.0,0.0,0.0,0.0,0.0,0.0,0.0,0.0,Zn
CC(c1ccc(cc1)[Li])(C)C,24,0,1,6.2565,140.1527,1484.504,1761.1117,-396.387467205,0.202482,0.213809,0.214753,0.165967,-396.190785,-396.179459,-396.178515,-396.227301,C10H13Li,1.0,-0.18907,-0.05032,0.119695,0.06937499999999999,7.6714,1175.232,1842.7231,4.807727,-0.018244,0.0,0.3591881686595343,0.368209,0.685756,0.79633,1.99867,0.19887,0.00613,2.20367,90.874,15.7002,-0.028703,0.12124,1.99567,0.88047,0.00262,2.87876,411.83,391.14,346.95,291.24,290.11,267.1,263.17,254.89,247.61,246.85,0.1109,0.0111,0.0001,0.0709,0.0331,0.0,0.2417,0.0058,0.0019,0.0001,0.0,0.0,0.0,0.0,0.0,0.0,0.0,0.0,0.0,0.0,Li
CCCCCCCCC=C[Li],30,0,1,5.4176,146.2001,2021.758,4561.102,-399.980367289,0.269038,0.283003,0.283947,0.227074,-399.722829,-399.708865,-399.70792,-399.764793,C10H19Li,1.0,-0.18358,-0.04513,0.114355,0.069225,7.4693,1640.295,4804.5952,7.227099,-1.035172,-0.000588,0.3461296412838263,0.325354,0.665454,0.77827,1.99853,0.21539,0.00782,2.22173,91.0016,16.0182,-0.047984,0.11748,1.99589,0.88429,0.00234,2.88252,412.01,393.48,294.86,289.44,268.06,254.69,216.72,214.6,206.39,203.76,0.0884,0.0178,0.0594,0.0433,0.0019,0.2611,0.0152,0.0009,0.0515,0.0132,0.0,0.0,0.0,0.0,0.0,0.0,0.0,0.0,0.0,0.0,Li
CC[Mg]Br,9,0,1,5.4119,133.2705,889.075,1089.0853,-2851.05413587,0.0655,0.071791,0.072736,0.034045,-2851.025238,-2851.018947,-2851.018003,-2851.056693,C2H5BrMg,1.0,-0.24287,-0.04162,0.142245,0.100625,6.0943,1073.021,1180.6128,-0.572408,0.257594,-0.000103,0.43714600377595975,0.516870,0.965141,1.21591,9.99853,0.77056,0.01500,10.78409,504.6643,314.901,0.098092,0.86546,9.99598,1.08808,0.05049,11.13454,244.08,233.28,231.77,226.86,226.42,200.26,199.07,198.33,189.74,173.43,0.2573,0.0303,0.0023,0.0839,0.0821,0.0002,0.0007,0.0,0.0205,0.0035,0.0,0.0,0.0,0.0,0.0,0.0,0.0,0.0,0.0,0.0,Mg
CCn1c2ccccc2c2c1cc([Li])cc2,28,0,1,7.6057,201.1955,1218.862,3189.9016,-602.970401377,0.222602,0.235908,0.236852,0.182459,-602.765735,-602.75243,-602.751486,-602.805879,C14H12LiN,1.0,-0.16905,-0.05219,0.11062,0.05843,16.623,1950.179,3360.977,5.315102,-0.026295,-0.104312,0.3602108244178729,0.374389,0.705419,0.80021,1.99866,0.19512,0.00600,2.19979,90.6503,16.0956,-0.384981,-0.13889,1.99861,1.13657,0.00371,3.13889,464.9,442.31,408.18,328.35,302.42,301.66,300.24,297.99,290.2,287.61,0.0001,0.0081,0.145,0.0193,0.0004,0.0003,0.3288,0.0637,0.001,0.0325,0.0,0.0,0.0,0.0,0.0,0.0,0.0,0.0,0.0,0.0,Li
CN(c1ccc(cc1)[Li])C,20,0,1,4.5282,127.1137,1112.879,1495.5387,-373.090353157,0.162625,0.172121,0.173066,0.127881,-372.940374,-372.930877,-372.929933,-372.975117,C8H10LiN,1.0,-0.15035,-0.04539,0.09787000000000001,0.052480000000000006,16.8751,1483.839,1545.4246,4.534918,-0.001322,-0.000555,0.35934550031466334,0.338795,0.677673,0.78015,1.99859,0.21473,0.00652,2.21985,90.6859,15.6765,-0.316739,-0.07443,1.99877,1.07317,0.00248,3.07443,561.84,420.25,347.3,335.95,326.25,294.46,290.78,265.62,264.79,247.62,0.0073,0.1067,0.0,0.0,0.2564,0.0272,0.0759,0.0342,0.0034,0.0,0.0,0.0,0.0,0.0,0.0,0.0,0.0,0.0,0.0,0.0,Li
COCOc1ccccc1[Li],20,0,1,7.6126,144.0979,1176.74,2111.5211,-468.174269877,0.154538,0.165332,0.166276,0.117323,-468.028936,-468.018142,-468.017198,-468.066151,C8H9LiO2,1.0,-0.18956,-0.05514,0.12235,0.06721,7.7506,1267.259,2101.1264,-0.528719,2.382916,0.000138,0.4488672120830711,0.263667,0.682697,0.78024,1.99808,0.21630,0.00538,2.21976,90.217,14.7636,-0.384763,-0.06091,1.99810,1.05873,0.00408,3.06091,418.02,398.06,354.88,278.04,275.49,260.71,254.02,248.99,239.67,236.06,0.0063,0.0245,0.0031,0.0604,0.0343,0.0042,0.0219,0.0795,0.0166,0.0005,0.0,0.0,0.0,0.0,0.0,0.0,0.0,0.0,0.0,0.0,Li
COc1cc(OC)cc(c1)[Mg]Br,21,0,1,4.034,241.3669,1538.639,6012.2426,-3232.54022106,0.156596,0.16966,0.170605,0.114228,-3232.405526,-3232.392462,-3232.391518,-3232.447895,C8H9BrMgO2,1.0,-0.20782,-0.04315,0.125485,0.082335,16.0436,1721.81,5584.1857,1.902386,-0.104613,-0.000206,0.44808055380742606,0.444056,1.098234,1.25272,9.99789,0.73342,0.01597,10.74728,518.795,279.0839,-0.133706,0.59742,9.99815,1.37551,0.02892,11.40258,332.96,287.94,280.88,269.59,243.28,239.61,232.43,229.14,227.41,226.14,0.0001,0.0065,0.0231,0.0011,0.0782,0.0,0.4191,0.0095,0.0321,0.0177,0.0,0.0,0.0,0.0,0.0,0.0,0.0,0.0,0.0,0.0,Mg
COc1ccc(cc1)[Li],16,0,1,5.7423,114.0717,1053.105,1131.5949,-353.652814316,0.122257,0.13067,0.131615,0.089013,-353.538779,-353.530366,-353.529421,-353.572023,C7H7LiO,1.0,-0.1774,-0.04926,0.11333,0.06407,13.1731,1146.026,1200.4135,-4.140884,-0.540578,1.5e-05,0.35997482693517935,0.359705,0.683740,0.79322,1.99862,0.20196,0.00620,2.20678,90.7983,15.4822,-0.298147,-0.05717,1.99878,1.05565,0.00274,3.05717,446.89,406.43,336.02,291.91,287.82,285.61,284.27,251.69,248.18,242.14,0.0096,0.1009,0.0001,0.0,0.0322,0.0745,0.2204,0.0074,0.0001,0.0023,0.0,0.0,0.0,0.0,0.0,0.0,0.0,0.0,0.0,0.0,Li
COc1ccc(cc1)[Mg]Br,17,0,1,4.3062,211.3407,1311.338,5114.036,-3118.02131067,0.123945,0.134386,0.13533,0.085131,-3117.915755,-3117.905314,-3117.90437,-3117.954569,C7H7BrMgO,1.0,-0.2178,-0.04216,0.12997999999999998,0.08782,16.5237,1457.043,4730.3991,-1.665868,0.025451,-0.000416,0.44446192573945875,0.426511,1.107380,1.24471,9.99784,0.74140,0.01605,10.75529,516.2122,277.7997,-0.100396,0.62209,9.99831,1.34958,0.03002,11.37791,308.38,257.26,255.19,252.87,245.17,228.65,227.68,226.98,218.86,216.91,0.009,0.0001,0.0,0.2343,0.0086,0.501,0.0297,0.0383,0.0,0.0511,0.0,0.0,0.0,0.0,0.0,0.0,0.0,0.0,0.0,0.0,Mg
COc1ccc(cc1)[Zn](C)(C)(C)([Li])[Li],30,0,1,7.9769,231.4958,2034.818,3956.8466,-2259.904673,0.23079,0.249657,0.250601,0.183644,-2259.88438,-2259.865513,-2259.864569,-2259.931526,C10H16Li2OZn,1.0,-0.20778,-0.01762,0.1127,0.09508,1.9489,2034.818,4159.8528,-2.12453,-0.503484,0.032575,0.7494493392070485,0.684629,0.908350,1.06640,17.99099,10.93588,0.00673,28.93360,1673.6729,564.4969,0.733975,1.07805,17.99052,10.92170,0.00973,28.92195,289.02,284.71,271.8,267.9,260.02,256.15,251.9,247.81,241.71,237.14,0.0022,0.0005,0.0001,0.0001,0.0284,0.0308,0.0021,0.014,0.0024,0.0,0.0,0.0,0.0,0.0,0.0,0.0,0.0,0.0,0.0,0.0,Zn
C[Mg]Br,6,0,1,5.399,119.2437,702.508,610.1304,-2811.7492513,0.036139,0.041246,0.04219,0.007445,-2811.747358,-2811.742251,-2811.741307,-2811.776052,CH3BrMg,1.0,-0.26206,-0.04124,0.15165,0.11041000000000001,4.4355,580.333,702.0181,1.107375,0.000579,0.000289,0.42172750157331657,0.558819,0.998381,1.22522,9.99863,0.76178,0.01437,10.77478,497.1277,326.4525,0.039983,0.61535,9.99824,1.34412,0.04229,11.38465,227.04,227.04,219.18,209.8,209.76,197.2,196.65,196.65,186.41,166.24,0.0338,0.0339,0.2925,0.0592,0.0591,0.0,0.0,0.0,0.059,0.2195,0.0,0.0,0.0,0.0,0.0,0.0,0.0,0.0,0.0,0.0,Mg
Cc1cc(C)c(c(c1)C)[Li],21,0,1,5.5944,126.1259,1397.909,1453.9335,-357.085206087,0.171363,0.18112,0.182065,0.135817,-356.919037,-356.90928,-356.908336,-356.954583,C9H11Li,1.0,-0.18663,-0.04848,0.11755499999999999,0.069075,7.3968,1397.909,1516.1217,3.329941,0.075978,9e-06,0.42078351164254246,0.324129,0.669299,0.77215,1.99877,0.22469,0.00438,2.22785,90.7226,14.285,-0.016570,0.10197,1.99566,0.90022,0.00216,2.89803,409.06,404.81,368.07,304.13,285.65,282.18,275.35,272.08,257.36,249.63,0.112,0.0061,0.0003,0.0735,0.0528,0.1115,0.0256,0.0001,0.0002,0.0025,0.0,0.0,0.0,0.0,0.0,0.0,0.0,0.0,0.0,0.0,Li
Cc1ccc(cc1)[Zn](C)(C)(C)([Li])[Li],29,0,1,8.0589,215.4964,2019.016,2728.179,-2184.68406915,0.225836,0.244512,0.245456,0.179318,-2184.682772,-2184.664096,-2184.663152,-2184.729291,C10H16Li2Zn,1.0,-0.20877,-0.01835,0.11356000000000001,0.09521,0.3433,2262.691,2805.8948,1.377575,-0.455477,0.001043,0.7857142857142857,0.724474,0.886001,1.05653,17.99071,10.94571,0.00706,28.94347,1671.1458,488.2214,0.798122,1.08731,17.99013,10.91394,0.00862,28.91269,288.54,278.85,273.58,273.1,271.24,264.11,247.53,243.05,242.14,238.65,0.002,0.0005,0.0008,0.0,0.0121,0.0012,0.0337,0.0009,0.0087,0.0011,0.0,0.0,0.0,0.0,0.0,0.0,0.0,0.0,0.0,0.0,Zn
Cc1cccc(c1)[Zn](C)(C)(C)([Li])[Li],29,0,1,7.9302,215.4964,1810.366,2704.5245,-2184.68423145,0.22584,0.244514,0.245458,0.179327,-2184.682768,-2184.664094,-2184.66315,-2184.729281,C10H16Li2Zn,1.0,-0.20881,-0.01839,0.11359999999999999,0.09521,0.3478,2506.661,2805.8507,-1.377215,-0.454874,0.001914,0.7856356198867213,0.724354,0.885771,1.05631,17.99071,10.94592,0.00706,28.94369,1670.5815,487.6718,0.797527,1.08708,17.99013,10.91417,0.00863,28.91292,288.55,278.84,273.62,273.12,271.23,264.09,247.62,243.05,242.19,238.69,0.002,0.0005,0.0008,0.0,0.0121,0.0012,0.0336,0.0009,0.0087,0.0011,0.0,0.0,0.0,0.0,0.0,0.0,0.0,0.0,0.0,0.0,Zn
Cc1ccccc1[Zn](C)(C)(C)([Li])[Li],29,0,1,6.6427,215.4964,1496.65,2638.6586,-2184.69146389,0.225833,0.244511,0.245455,0.17931,-2184.682775,-2184.664097,-2184.663153,-2184.729298,C10H16Li2Zn,1.0,-0.20877,-0.01835,0.11356000000000001,0.09521,0.3429,2680.047,2805.8155,-1.377202,-0.455441,1e-05,0.7860289490245438,0.724643,0.885952,1.05639,17.99070,10.94585,0.00706,28.94361,1671.0452,487.6367,0.798428,1.08722,17.99012,10.91404,0.00862,28.91278,288.54,278.84,273.58,273.1,271.24,264.1,247.56,243.05,242.16,238.65,0.002,0.0005,0.0008,0.0,0.0121,0.0012,0.0337,0.0009,0.0087,0.0011,0.0,0.0,0.0,0.0,0.0,0.0,0.0,0.0,0.0,0.0,Zn
Cl[Mg]C[Si](C)(C)C,18,0,1,5.5273,146.9744,1123.948,2158.4551,-1108.90817096,0.138977,0.151385,0.152329,0.099228,-1108.807259,-1108.794851,-1108.793907,-1108.847008,C4H11ClMgSi,1.0,-0.25296,-0.04408,0.14852,0.10444,8.8531,963.384,2190.9318,1.647037,-0.563909,-0.000275,0.4643643801132788,0.514580,1.054446,1.32336,9.99818,0.66035,0.01812,10.67664,518.067,296.7494,0.068876,0.92091,9.99547,1.04659,0.03703,11.07909,237.39,216.16,215.38,210.93,210.85,207.69,203.97,187.4,182.62,182.23,0.3557,0.0089,0.0096,0.0689,0.0785,0.0534,0.0033,0.0167,0.0,0.0008,0.0,0.0,0.0,0.0,0.0,0.0,0.0,0.0,0.0,0.0,Mg
Cl[Mg]c1ccc(cc1)C,16,0,1,4.0151,150.8903,890.223,2902.7708,-931.305264088,0.118596,0.127446,0.12839,0.082633,-931.198098,-931.189248,-931.188304,-931.234061,C7H7ClMg,1.0,-0.23848,-0.04625,0.142365,0.096115,15.2781,1609.25,2764.1063,-2.079319,-0.003661,-0.000174,0.43730333543108874,0.467247,1.162809,1.31727,9.99786,0.66754,0.01733,10.68273,530.8378,255.4319,-0.044324,0.68975,9.99838,1.28534,0.02653,11.31025,281.33,265.57,241.9,233.53,232.17,230.65,223.16,221.23,214.73,212.52,0.012,0.0,0.0022,0.0917,0.0,0.561,0.017,0.002,0.0126,0.066,0.0,0.0,0.0,0.0,0.0,0.0,0.0,0.0,0.0,0.0,Mg
Cl[Mg]c1ccccc1,13,0,1,3.6027,136.8635,1312.827,2197.9496,-891.988179446,0.091158,0.098992,0.099936,0.05665,-891.907173,-891.89934,-891.898396,-891.941682,C6H5ClMg,1.0,-0.24871,-0.04803,0.14837,0.10033999999999998,13.8339,1120.706,2063.1717,-1.553859,-3.6e-05,-0.00014,0.4375393329137823,0.471227,1.148777,1.31929,9.99789,0.66558,0.01725,10.68071,531.5848,255.114,-0.033278,0.69308,9.99844,1.28227,0.02621,11.30692,268.87,264.76,239.62,230.66,224.45,224.03,223.16,220.4,214.71,212.94,0.0126,0.0,0.0036,0.2714,0.0182,0.2724,0.0,0.0012,0.0138,0.0655,0.0,0.0,0.0,0.0,0.0,0.0,0.0,0.0,0.0,0.0,Mg
Cn1c([Li])cc2c1cccc2,19,0,1,8.2851,137.1089,1299.047,1428.3214,-410.015131882,0.146729,0.156285,0.157229,0.111424,-409.884793,-409.875237,-409.874293,-409.920098,C9H8LiN,1.0,-0.1612,-0.0543,0.10775000000000001,0.053450000000000004,10.8892,1299.047,1519.5773,3.703987,-1.611082,0.000392,0.368942731277533,0.349227,0.728912,0.80629,1.99784,0.19116,0.00471,2.19371,90.5382,15.6958,-0.236445,-0.05187,1.99792,1.05097,0.00297,3.05187,574.79,430.54,343.41,341.41,334.41,296.79,288.14,280.71,263.54,252.64,0.0086,0.0013,0.0002,0.0039,0.2674,0.109,0.0,0.0012,0.0314,0.0539,0.0,0.0,0.0,0.0,0.0,0.0,0.0,0.0,0.0,0.0,Li
Cn1cccc1[Li],13,0,1,6.3506,87.0491,982.172,580.2626,-256.367199437,0.099431,0.105691,0.106635,0.069245,-256.278364,-256.272104,-256.27116,-256.30855,C5H6LiN,1.0,-0.15713,-0.04701,0.10207,0.05506,12.9414,1091.302,643.8017,0.108853,2.929062,-8.4e-05,0.36548143486469475,0.303509,0.678614,0.78308,1.99781,0.21386,0.00525,2.21692,90.5874,15.0392,-0.409812,-0.62682,2.00451,1.61610,0.00621,3.62682,576.82,398.61,353.52,340.49,319.61,273.58,273.34,256.83,252.1,242.45,0.0115,0.0009,0.0286,0.0001,0.2121,0.0001,0.0092,0.0604,0.0918,0.037,0.0,0.0,0.0,0.0,0.0,0.0,0.0,0.0,0.0,0.0,Li
I[Mg]c1ccc(cc1)C,16,0,1,4.0072,242.3418,1148.227,3373.8478,-482.486741134,0.118185,0.127278,0.128222,0.080294,-482.377909,-482.368816,-482.367872,-482.4158,C7H7IMg,1.0,-0.23848,-0.04955,0.144015,0.094465,15.4427,1333.425,3181.4684,-0.553539,-0.005045,-0.000303,0.45185651353052236,0.365419,1.108022,1.19251,9.99789,0.78414,0.02547,10.80749,510.009,287.0086,-0.075188,0.58488,9.99855,1.38096,0.03561,11.41512,286.48,269.81,255.62,255.52,244.94,241.37,240.79,236.52,230.96,229.43,0.0065,0.0,0.0443,0.0392,0.002,0.0,0.0225,0.7227,0.0203,0.0041,0.0,0.0,0.0,0.0,0.0,0.0,0.0,0.0,0.0,0.0,Mg
OB(c1ccccc1)O,16,0,1,1.4669,121.9301,1101.284,1288.8561,-408.220289381,0.12493,0.132824,0.133768,0.09208,-408.13402,-408.126127,-408.125183,-408.166871,C6H7BO2,1.0,-0.23814,-0.01507,0.126605,0.111535,1.1535,943.958,1266.0501,-1.734943,-0.0,-2.6e-05,0.5541220893643801,0.364925,1.288962,1.13852,1.99921,1.83644,0.02583,3.86148,85.3845,17.6213,0.306311,1.03573,1.99924,1.93855,0.02648,3.96427,239.16,213.25,180.87,180.44,178.76,178.57,177.84,173.9,164.85,162.59,0.0103,0.1626,0.2799,0.0007,0.0041,0.0,0.6236,0.0,0.0,0.0442,0.0,0.0,0.0,0.0,0.0,0.0,0.0,0.0,0.0,0.0,B
[Li]C,5,0,1,4.9988,21.9747,447.763,69.8236,-47.399794567,0.033763,0.037228,0.038172,0.011592,-47.367357,-47.363892,-47.362948,-47.389528,CH3Li,1.0,-0.1693,-0.04299,0.106145,0.063155,5.0897,597.017,93.8472,-1.589829,-2e-06,-1e-06,0.3322844556324733,0.345498,0.608291,0.75143,1.99928,0.24592,0.00336,2.24857,90.3659,21.8123,0.088728,0.19249,1.99682,0.80167,0.00902,2.80751,446.86,313.47,313.44,252.89,192.07,192.07,178.7,175.0,175.0,156.01,0.1043,0.0971,0.0972,0.0059,0.015,0.015,0.0147,0.0261,0.0261,0.0,0.0,0.0,0.0,0.0,0.0,0.0,0.0,0.0,0.0,0.0,Li
[Li]C1=CCCCC1,16,0,1,5.5256,88.0771,967.131,643.6891,-241.529252987,0.135465,0.142227,0.143171,0.105218,-241.402508,-241.395746,-241.394802,-241.432754,C6H9Li,1.0,-0.17242,-0.04331,0.10786499999999999,0.064555,7.6778,1353.983,678.3919,3.079299,-0.091054,0.04641,0.3853052234109503,0.206846,0.601362,0.75777,1.99622,0.24051,0.00550,2.24223,89.9081,13.9204,-0.224396,0.05081,1.99460,0.95000,0.00458,2.94919,479.86,349.36,294.76,273.93,244.97,232.26,229.41,225.91,211.33,197.95,0.0229,0.0156,0.0317,0.0828,0.0079,0.0262,0.032,0.1065,0.0457,0.0169,0.0,0.0,0.0,0.0,0.0,0.0,0.0,0.0,0.0,0.0,Li
[Li]C1CC1,9,0,1,5.4691,48.0125,538.279,205.2929,-124.745045353,0.069966,0.074639,0.075584,0.043499,-124.708221,-124.703547,-124.702603,-124.734687,C3H5Li,1.0,-0.16697,-0.04645,0.10671,0.06026000000000001,6.9576,794.603,250.1262,2.371339,-0.000113,-0.431608,0.3536815607300189,0.365132,0.642629,0.80053,1.99878,0.19604,0.00465,2.19947,91.3837,21.4344,-0.031718,0.09384,1.99593,0.90421,0.00603,2.90616,489.65,328.18,324.36,307.8,264.94,236.81,228.09,221.32,202.76,201.87,0.0818,0.0555,0.0595,0.0002,0.0044,0.0005,0.0019,0.0639,0.0289,0.0051,0.0,0.0,0.0,0.0,0.0,0.0,0.0,0.0,0.0,0.0,Li
[Li][Zn](c1ccccc1)(C)(C)(C)[Li],26,0,1,7.9081,201.4696,1458.012,2357.4478,-2145.38713242,0.197519,0.214773,0.215718,0.152178,-2145.398074,-2145.380819,-2145.379875,-2145.443414,C9H14Li2Zn,1.0,-0.20855,-0.03022,0.119385,0.08916500000000001,2.362,1631.585,2520.8109,1.358398,0.000963,-0.61899,0.7293895531780994,0.661259,0.869331,1.07729,17.99210,10.92400,0.00661,28.92271,1587.8789,528.6488,0.623898,0.99011,17.99102,11.00952,0.00935,29.00989,307.57,295.95,295.49,281.48,261.07,260.51,250.85,247.84,242.26,237.74,0.0121,0.0108,0.0001,0.0017,0.0132,0.0802,0.0228,0.0035,0.0007,0.0,0.0,0.0,0.0,0.0,0.0,0.0,0.0,0.0,0.0,0.0,Zn
[Li]c1ccc(cc1)O[Si](C)(C)C,25,0,1,5.779,172.2266,1687.749,2688.741,-723.064629343,0.195573,0.209586,0.21053,0.155055,-722.87741,-722.863397,-722.862453,-722.917928,C9H13LiOSi,1.0,-0.17962,-0.0495,0.11456,0.06506,13.737,1620.239,2835.4967,5.48421,-0.680715,0.000109,0.3596601636249213,0.360855,0.686131,0.79351,1.99863,0.20166,0.00620,2.20649,90.8337,15.7633,-0.299712,-0.05976,1.99879,1.05821,0.00276,3.05976,439.43,406.68,336.97,288.67,287.77,285.75,281.66,252.05,248.91,242.61,0.0098,0.1099,0.0,0.0,0.0315,0.0732,0.2511,0.0039,0.0,0.0022,0.0,0.0,0.0,0.0,0.0,0.0,0.0,0.0,0.0,0.0,Li
[Li]c1ccc2c(c1)n(C)cc2,19,0,1,6.0991,137.1089,1089.401,1445.9383,-410.002173319,0.146442,0.155218,0.156162,0.112529,-409.869177,-409.860401,-409.859457,-409.903089,C9H8LiN,1.0,-0.16274,-0.04816,0.10545,0.057289999999999994,15.1007,1409.813,1548.6209,3.702674,2.09893,7e-06,0.36107614852108244,0.356229,0.681543,0.78899,1.99863,0.20596,0.00642,2.21101,90.6167,16.0114,-0.328904,-0.08776,1.99874,1.08612,0.00290,3.08776,496.67,428.08,421.25,312.55,311.65,295.24,294.37,286.75,285.18,274.01,0.0059,0.003,0.1098,0.0002,0.1129,0.0674,0.0333,0.1371,0.0023,0.0005,0.0,0.0,0.0,0.0,0.0,0.0,0.0,0.0,0.0,0.0,Li
[Li]c1cccc(c1)O[Si](C(C)(C)C)(C)C,34,0,1,5.379,214.307,2024.824,4150.078,-840.997873139,0.281236,0.299146,0.30009,0.236221,-840.724423,-840.706514,-840.705569,-840.769439,C12H19LiOSi,1.0,-0.18326,-0.05014,0.1167,0.06656000000000001,14.3415,2330.458,4242.9579,-4.972852,2.745886,0.002685,0.35989616110761485,0.379193,0.685352,0.80241,1.99869,0.19284,0.00606,2.19759,90.9497,15.7259,-0.344655,-0.11280,1.99868,1.11044,0.00368,3.11280,413.31,411.69,360.77,291.79,289.0,281.88,277.92,252.17,251.33,244.23,0.0024,0.106,0.0095,0.066,0.0274,0.0282,0.0016,0.0004,0.1591,0.0001,0.0,0.0,0.0,0.0,0.0,0.0,0.0,0.0,0.0,0.0,Li
[Li]c1cccc2c1cccc2,18,0,1,6.0706,134.1053,862.721,1379.6227,-392.777683525,0.136149,0.144554,0.145498,0.10267,-392.648414,-392.640009,-392.639065,-392.681893,C10H7Li,1.0,-0.17925,-0.05204,0.115645,0.063605,11.5211,1386.516,1453.9947,-1.667821,3.175404,6e-05,0.3865638766519824,0.378874,0.681403,0.80045,1.99870,0.19563,0.00523,2.19955,90.2395,15.5142,-0.347081,-0.09779,1.99866,1.09673,0.00240,3.09779,445.41,394.16,335.54,299.63,299.08,292.86,281.45,277.43,276.72,276.28,0.0041,0.1033,0.0,0.0971,0.0268,0.0026,0.0039,0.0025,0.0213,0.0499,0.0,0.0,0.0,0.0,0.0,0.0,0.0,0.0,0.0,0.0,Li
[Li]c1ccccc1,12,0,1,6.1262,84.0455,646.145,546.6813,-239.135418043,0.089379,0.095275,0.09622,0.0598,-239.049061,-239.043165,-239.042221,-239.078641,C6H5Li,1.0,-0.18882,-0.05062,0.11972,0.0691,6.8321,983.264,599.0254,3.253486,8.1e-05,8.1e-05,0.3596601636249213,0.370801,0.678885,0.79718,1.99869,0.19796,0.00618,2.20282,90.9449,14.992,-0.017662,0.12688,1.99572,0.87479,0.00261,2.87312,413.47,374.96,345.41,292.23,291.16,259.39,254.28,253.05,246.82,246.73,0.0939,0.0127,0.0,0.072,0.0336,0.0,0.1792,0.0017,0.0,0.002,0.0,0.0,0.0,0.0,0.0,0.0,0.0,0.0,0.0,0.0,Li
[Li]c1ccccc1C,15,0,1,6.0173,98.0723,1085.604,795.6915,-278.452423728,0.116725,0.124475,0.125419,0.083745,-278.33896,-278.33121,-278.330266,-278.37194,C7H7Li,1.0,-0.18818,-0.04989,0.11903499999999999,0.069145,6.812,742.782,846.5616,1.605109,2.627814,-6e-06,0.3879798615481435,0.350328,0.669141,0.78843,1.99877,0.20728,0.00552,2.21157,90.9285,14.4871,-0.023499,0.11820,1.99576,0.88375,0.00229,2.88180,411.26,386.24,352.12,301.44,287.94,271.93,264.08,261.25,249.22,244.77,0.099,0.0067,0.0033,0.0705,0.0405,0.0613,0.0006,0.0711,0.0005,0.0011,0.0,0.0,0.0,0.0,0.0,0.0,0.0,0.0,0.0,0.0,Li
Br[Mg]c1ccc(cc1)N(c1ccccc1)c1ccccc1,35,0,1,5.0908,348.5243,2594.715,11871.4231,-3520.9230661,0.2692,0.287643,0.288587,0.218023,-3520.696447,-3520.678004,-3520.67706,-3520.747624,C18H14BrMgN,1.0,-0.18443,-0.0435,0.11396500000000001,0.070465,24.644,2385.464,13307.5519,4.222607,-0.000679,-0.000102,0.446821900566394,0.427996,1.165551,1.24507,9.99786,0.74108,0.01598,10.75493,516.6977,277.4525,-0.162903,0.59184,9.99813,1.37918,0.03085,11.40816,374.32,333.36,314.69,300.98,299.65,276.62,275.09,265.27,260.03,248.22,0.0021,0.4178,0.0132,0.2327,0.0046,0.0086,0.0224,0.0734,0.0004,0.004,0.0,0.0,0.0,0.0,0.0,0.0,0.0,0.0,0.0,0.0,Mg
Br[Mg]c1ccc2c(c1)cccc2,19,0,1,3.4759,231.3743,1640.452,5891.647,-3157.14287921,0.137989,0.148428,0.149372,0.098919,-3157.022283,-3157.011844,-3157.0109,-3157.061353,C10H7BrMg,1.0,-0.21425,-0.04579,0.13002,0.08423,17.4739,1421.725,5514.2336,-2.03239,0.124278,0.000151,0.44532724984266836,0.442130,1.133974,1.25155,9.99791,0.73487,0.01566,10.74845,518.0668,278.8136,-0.131037,0.60049,9.99823,1.37198,0.02931,11.39951,317.3,295.07,279.92,268.68,260.52,245.38,241.64,232.31,228.15,227.9,0.0028,0.0334,0.0198,0.0056,0.0001,0.0044,0.2849,0.9087,0.0399,0.0409,0.0,0.0,0.0,0.0,0.0,0.0,0.0,0.0,0.0,0.0,Mg
CC(C[Al](C=C(C)C)CC(C)C)C,38,0,1,1.5121,196.311,2434.898,4369.8787,-714.747394968,0.342119,0.361515,0.362459,0.292493,-714.435042,-714.415646,-714.414702,-714.484667,C12H25Al,1.0,-0.23609,-0.03288,0.134485,0.101605,4.9627,2340.032,4461.2349,-0.086855,-0.075965,-0.321937,0.6685808684707363,0.570810,1.332041,1.79065,9.99755,1.19317,0.01863,11.20935,338.098,89.1495,0.183323,1.20047,9.99589,1.78404,0.01960,11.79953,271.89,257.07,236.12,188.41,184.74,182.6,182.4,180.14,178.73,178.25,0.0044,0.0002,0.2829,0.0824,0.0559,0.0038,0.0031,0.0334,0.0243,0.146,0.0,0.0,0.0,0.0,0.0,0.0,0.0,0.0,0.0,0.0,Al
CC(C[Al](c1ccc(c(c1)C)C)CC(C)C)C,44,0,1,1.4745,246.3708,2255.976,6545.3994,-868.406021265,0.389757,0.411787,0.412731,0.335473,-868.044913,-868.022882,-868.021938,-868.099197,C16H27Al,1.0,-0.22955,-0.03324,0.131395,0.098155,5.7822,3213.057,6879.8832,0.986945,-0.094805,-0.038552,0.6821900566393958,0.527869,1.409053,1.83292,9.99759,1.14969,0.01980,11.16708,331.6796,70.8681,0.181832,1.26253,9.99588,1.72319,0.01840,11.73747,267.1,262.68,255.15,248.77,211.67,205.12,199.99,197.35,191.6,191.08,0.0043,0.0235,0.0012,0.2864,0.0255,0.0003,0.0,0.0677,0.0044,0.0182,0.0,0.0,0.0,0.0,0.0,0.0,0.0,0.0,0.0,0.0,Al
CC(C[Al](c1ccc(cc1)C(F)(F)F)CC(C)C)C,41,0,1,3.3702,286.3155,2427.23,8240.4077,-1126.80394128,0.338996,0.361336,0.36228,0.28291,-1126.497737,-1126.475397,-1126.474452,-1126.553823,C15H22AlF3,1.0,-0.2506,-0.05332,0.15195999999999998,0.09863999999999999,11.28,2256.298,9084.924,-1.662632,-0.090227,0.014181,0.6832127123977344,0.547256,1.405996,1.84140,9.99762,1.14131,0.01967,11.15860,330.7316,69.577,0.258157,1.36210,9.99588,1.62299,0.01903,11.63790,278.71,261.33,252.96,233.43,211.04,210.57,202.35,201.89,196.63,190.83,0.0008,0.0001,0.0115,0.3174,0.0002,0.0001,0.002,0.0135,0.0064,0.078,0.0,0.0,0.0,0.0,0.0,0.0,0.0,0.0,0.0,0.0,Al
CC(C[Al](c1ccccc1C)CC(C)C)C,41,0,1,0.9156,232.344,2443.022,5579.0638,-829.097999022,0.362138,0.382406,0.38335,0.310623,-828.750406,-828.730138,-828.729194,-828.801921,C15H25Al,1.0,-0.23299,-0.03888,0.135935,0.097055,4.9277,1954.417,5569.1506,-0.211969,0.032855,-0.015179,0.7005191944619258,0.551644,1.351837,1.83902,9.99764,1.14298,0.02036,11.16098,331.5689,89.472,0.202772,1.26854,9.99622,1.71670,0.01855,11.73146,275.89,267.27,259.93,246.65,209.44,205.2,200.44,195.61,191.18,190.91,0.0232,0.0172,0.0026,0.1686,0.0693,0.0008,0.0013,0.0273,0.0087,0.0475,0.0,0.0,0.0,0.0,0.0,0.0,0.0,0.0,0.0,0.0,Al
CC1(C)COB(OC1)c1ccc(cc1)F,29,0,1,2.0615,208.0388,1274.401,4364.0933,-702.814077266,0.238857,0.252616,0.25356,0.198072,-702.614515,-702.600756,-702.599812,-702.6553,C11H14BFO2,1.0,-0.23379,-0.01444,0.124115,0.109675,3.015,1494.126,4413.4617,-0.409727,-1e-06,-0.276821,0.6620516047828823,0.435398,1.353490,1.13515,1.99902,1.83840,0.02743,3.86485,86.4649,15.4661,0.401246,1.05902,1.99904,1.91428,0.02766,3.94098,236.86,218.62,189.75,188.1,183.79,179.98,173.85,172.27,171.08,168.73,0.0002,0.3073,0.0042,0.0947,0.1931,0.711,0.0006,0.0043,0.0001,0.0001,0.0,0.0,0.0,0.0,0.0,0.0,0.0,0.0,0.0,0.0,B
CC1(C)COB(OC1)c1ccccc1,29,0,1,1.7611,190.0483,1342.412,3484.0425,-603.580124759,0.247072,0.259991,0.260935,0.207545,-603.371473,-603.358555,-603.357611,-603.411001,C11H15BO2,1.0,-0.23632,-0.01383,0.125075,0.111245,0.9582,1753.796,3535.2325,0.00879,0.0,-0.260717,0.6625235997482694,0.434362,1.340159,1.13591,1.99902,1.83773,0.02734,3.86409,86.127,15.8643,0.375885,1.02882,1.99904,1.94426,0.02788,3.97118,239.61,216.13,191.56,187.93,181.89,181.89,179.98,172.24,168.28,166.67,0.0085,0.2786,0.0001,0.0005,0.2807,0.016,0.7173,0.0001,0.0011,0.0,0.0,0.0,0.0,0.0,0.0,0.0,0.0,0.0,0.0,0.0,B
CC1(OCCO1)c1ccc(cc1)[Zn](C)(C)(C)([Li])[Li],38,0,1,8.2852,287.5598,2518.286,6894.9932,-2451.8497561,0.299347,0.322613,0.323557,0.244867,-2451.766925,-2451.743659,-2451.742715,-2451.821405,C13H20Li2O2Zn,1.0,-0.20965,-0.01895,0.1143,0.09535,0.6665,2439.59,6940.0294,3.125055,-0.507328,0.262635,0.751101321585903,0.688216,0.907601,1.06348,17.99100,10.93883,0.00669,28.93652,1677.507,556.6449,0.746666,1.07651,17.99051,10.92342,0.00957,28.92349,287.84,283.07,271.39,271.05,268.78,261.24,248.03,246.18,243.64,237.23,0.0019,0.0007,0.0053,0.0013,0.0005,0.0028,0.008,0.0358,0.0158,0.0035,0.0,0.0,0.0,0.0,0.0,0.0,0.0,0.0,0.0,0.0,Zn
CN(c1ccc(cc1)B1OCC(CO1)(C)C)C,37,0,1,3.2285,233.1165,2234.603,6609.1587,-737.543370996,0.320351,0.337764,0.338708,0.274683,-737.266579,-737.249167,-737.248222,-737.312247,C13H20BNO2,1.0,-0.18074,0.00469,0.088025,0.092715,2.4129,2282.148,6555.65,-1.218759,2.2e-05,-0.303008,0.6600062932662052,0.414587,1.498529,1.12927,1.99899,1.84451,0.02722,3.87073,86.0386,15.8979,0.411820,1.11237,1.99900,1.86171,0.02692,3.88763,261.73,260.44,209.9,190.61,189.61,184.51,184.29,180.46,178.31,176.4,0.0185,0.629,0.0845,0.0049,0.0111,0.0001,0.2824,0.018,0.4602,0.0045,0.0,0.0,0.0,0.0,0.0,0.0,0.0,0.0,0.0,0.0,B
CN(c1ccc(cc1)[Zn](C)(C)(C)([Li])[Li])C,34,0,1,7.0946,244.5378,2232.629,4855.3942,-2279.34353711,0.271595,0.293112,0.294056,0.219757,-2279.288101,-2279.266584,-2279.26564,-2279.339939,C11H19Li2NZn,1.0,-0.19066,-0.01358,0.10212,0.08854,14.6145,2232.629,5011.4563,-2.410563,-0.570046,0.075792,0.749842668344871,0.679513,0.923610,1.06662,17.99101,10.93562,0.00675,28.93338,1667.3044,559.8076,0.706722,1.05857,17.98981,10.94280,0.00882,28.94143,294.74,290.73,286.52,281.95,270.67,269.19,258.83,250.95,246.3,242.65,0.0117,0.0064,0.02,0.0043,0.003,0.0,0.0375,0.0018,0.0112,0.0551,0.0,0.0,0.0,0.0,0.0,0.0,0.0,0.0,0.0,0.0,Zn
COc1ccc(cc1)[Al](CC(C)C)CC(C)C,42,0,1,1.5815,248.3434,2984.318,6988.0341,-904.291636688,0.366969,0.388324,0.389268,0.313187,-903.955671,-903.934316,-903.933372,-904.009452,C15H25AlO,1.0,-0.21675,-0.03072,0.123735,0.093015,7.6852,2202.711,7027.3875,1.256407,0.058978,-0.011274,0.684550031466331,0.516359,1.413975,1.83026,9.99757,1.15306,0.01912,11.16974,334.2808,71.5172,0.196208,1.26556,9.99723,1.72070,0.01651,11.73444,269.04,264.6,251.87,249.14,219.73,208.25,206.99,200.74,199.24,187.4,0.2594,0.0653,0.0034,0.0004,0.0621,0.0004,0.0015,0.0201,0.0076,0.0074,0.0,0.0,0.0,0.0,0.0,0.0,0.0,0.0,0.0,0.0,Al
COc1cccc(c1)[Zn](C)(C)(C)([Li])[Li],30,0,1,7.3963,231.4958,2047.518,3708.6254,-2259.90338657,0.230655,0.2505,0.251444,0.180629,-2259.884618,-2259.864773,-2259.863829,-2259.934644,C10H16Li2OZn,1.0,-0.20733,-0.01695,0.11213999999999999,0.09519,2.6359,1668.348,3875.0381,1.762624,-0.777575,0.103652,0.7502359974826935,0.687619,0.896785,1.06977,17.99114,10.93246,0.00663,28.93023,1669.6129,566.3797,0.732069,1.07939,17.99068,10.92052,0.00941,28.92061,288.56,278.42,269.79,266.87,260.7,252.47,251.35,246.87,246.0,243.73,0.0026,0.0009,0.003,0.0012,0.0026,0.0022,0.0035,0.0154,0.0223,0.0323,0.0,0.0,0.0,0.0,0.0,0.0,0.0,0.0,0.0,0.0,Zn
Cc1ccc(cc1)B1OCC(CO1)(C)C,32,0,1,1.8219,204.0751,1641.427,4495.6602,-642.898857755,0.274447,0.288414,0.289358,0.233519,-642.662371,-642.648403,-642.647459,-642.703298,C12H17BO2,1.0,-0.22686,-0.0114,0.11913,0.10773,0.8813,1826.376,4552.9426,-0.440691,-6.8e-05,-0.279536,0.6617369414726243,0.429616,1.385188,1.13495,1.99902,1.83872,0.02731,3.86505,86.149,15.7413,0.379427,1.03891,1.99904,1.93428,0.02777,3.96109,241.85,223.41,190.8,188.99,185.16,181.3,180.54,173.49,168.47,166.43,0.005,0.4014,0.0022,0.0882,0.1712,0.6933,0.0722,0.0003,0.0014,0.0001,0.0,0.0,0.0,0.0,0.0,0.0,0.0,0.0,0.0,0.0,B
[Li][Zn](c1ccc(cc1)c1ccccc1)(C)(C)(C)[Li],36,0,1,8.3426,277.5672,1795.329,7447.0675,-2376.44020979,0.278842,0.300606,0.30155,0.227498,-2376.37445,-2376.352685,-2376.351741,-2376.425794,C15H18Li2Zn,1.0,-0.20805,-0.04101,0.12453,0.08352000000000001,6.1435,2296.351,7466.9906,-3.217794,0.250467,-0.535795,0.730412208936438,0.672100,0.931229,1.07534,17.99207,10.92603,0.00656,28.92466,1586.7591,513.1591,0.667769,1.02570,17.99125,10.97372,0.00933,28.97430,321.0,308.68,294.9,284.0,275.46,270.48,260.96,258.66,254.59,250.1,0.023,0.0824,0.0,0.0022,0.0911,0.0068,0.002,0.3885,0.0008,0.0003,0.0,0.0,0.0,0.0,0.0,0.0,0.0,0.0,0.0,0.0,Zn
[Li][Zn](c1cccc2c1cccc2)(C)(C)(C)[Li],32,0,1,8.1559,251.5294,1811.413,3808.7152,-2299.02979775,0.2451,0.264864,0.265808,0.196499,-2299.000887,-2298.981122,-2298.980178,-2299.049487,C13H16Li2Zn,1.0,-0.19764,-0.06666,0.13215,0.06549,5.3976,2131.074,3987.9212,2.172716,0.04193,-0.256229,0.6986312146003776,0.561579,0.766596,1.08203,17.99472,10.91761,0.00564,28.91797,1559.667,301.6596,0.756174,1.24419,17.99261,10.75696,0.00624,28.75581,420.87,395.98,371.45,346.02,327.27,308.8,291.72,273.9,271.04,262.68,0.0226,0.0104,0.0007,0.0046,0.0061,0.0028,0.0238,0.0042,0.0324,0.0403,0.0,0.0,0.0,0.0,0.0,0.0,0.0,0.0,0.0,0.0,Zn
CC(C[Al](CC(C)C)C#C[Si](C(C)C)(C(C)C)C(C)C)C,60,0,1,1.1432,322.5841,3336.593,10380.7316,-1279.42776433,0.538536,0.570519,0.571464,0.470766,-1278.924823,-1278.892839,-1278.891895,-1278.992592,C19H39AlSi,1.0,-0.23866,-0.04124,0.13995000000000002,0.09871,0.2581,3481.662,10784.8667,-2.688673,0.101789,0.031354,0.6408118313404657,0.456942,1.522638,1.76838,9.99691,1.21618,0.01854,11.23162,358.8535,96.1707,0.100600,1.18218,9.99615,1.80417,0.01750,11.81782,288.42,255.54,248.46,222.87,220.66,219.31,214.41,200.27,190.59,187.32,0.0004,0.0008,0.1023,0.0046,0.0062,0.03,0.0018,0.343,0.1501,0.0002,0.0,0.0,0.0,0.0,0.0,0.0,0.0,0.0,0.0,0.0,Al
C[Si](C(C)(C)C)(OCc1ccc(cc1)[Zn](C)(C)(C)([Li])[Li])C,51,0,1,6.9393,345.7579,3244.643,11267.1437,-2786.53760101,0.418922,0.450338,0.451282,0.353244,-2786.346402,-2786.314987,-2786.314043,-2786.41208,C16H30Li2OSiZn,1.0,-0.20984,-0.01881,0.114325,0.095515,0.3674,3244.643,12308.5342,-4.484925,-0.168104,0.350926,0.7500786658275646,0.684095,0.913306,1.06471,17.99104,10.93754,0.00671,28.93529,1674.9493,565.7472,0.742369,1.07681,17.99055,10.92313,0.00951,28.92319,287.15,284.89,272.18,271.3,267.61,260.74,248.34,246.44,245.45,236.9,0.0021,0.0002,0.0003,0.0065,0.0004,0.0027,0.0041,0.0399,0.0129,0.003,0.0,0.0,0.0,0.0,0.0,0.0,0.0,0.0,0.0,0.0,Zn
[Li][Zn](c1ccc(cc1)CCO[Si](C(C)(C)C)(C)C)(C)(C)(C)[Li],54,0,1,7.1408,359.7847,2877.657,10737.5154,-2825.85465281,0.447841,0.480348,0.481292,0.38221,-2825.634543,-2825.602036,-2825.601092,-2825.700174,C17H32Li2OSiZn,1.0,-0.20687,-0.01594,0.111405,0.095465,4.1547,3427.798,11404.0067,-4.092367,-0.320705,0.63529,0.7518093140339837,0.674399,0.899985,1.06193,17.99093,10.94032,0.00682,28.93807,1673.7113,551.2019,0.733473,1.07550,17.99045,10.92487,0.00918,28.92450,287.33,283.33,271.37,270.86,265.94,257.52,248.67,246.73,245.65,237.92,0.0018,0.0006,0.0003,0.0053,0.0035,0.0029,0.0385,0.0109,0.0192,0.0042,0.0,0.0,0.0,0.0,0.0,0.0,0.0,0.0,0.0,0.0,Zn
BrB(Br)Br,4,0,1,0.0,250.522,649.237,1631.0893,-7740.06649874,0.005863,0.010905,0.011849,-0.024974,-7740.070591,-7740.06555,-7740.064605,-7740.101429,BBr3,1.0,-0.2875,-0.07441,0.18095499999999998,0.10654499999999999,0.0,784.495,1487.606,0.0,0.0,0.0,0.6006922592825676,0.332994,1.204464,0.01976,1.99982,2.91951,0.06091,4.98024,41.6101,48.2075,0.096365,-0.39818,1.99987,3.35458,0.04373,5.39818,269.02,229.94,229.94,210.38,210.38,176.94,166.14,162.17,162.17,155.87,0.0,0.0,0.0,0.1317,0.1317,0.0,0.0,0.0,0.0,0.0664,0.0,0.0,0.0,0.0,0.0,0.0,0.0,0.0,0.0,0.0,B
Br[Mg]C1CCCCC1,19,0,1,5.5409,187.3619,1809.922,2522.3648,-3007.10589489,0.160408,0.169495,0.170439,0.123837,-3006.979484,-3006.970398,-3006.969453,-3007.016055,C6H11BrMg,1.0,-0.23032,-0.03975,0.135035,0.095285,7.1005,1301.873,2632.1317,0.630163,-0.000801,0.403115,0.4985053492762744,0.436417,0.950898,1.19454,9.99850,0.78807,0.01889,10.80546,507.6278,307.4311,0.062418,0.87446,9.99592,1.08638,0.04324,11.12554,257.7,246.16,240.02,227.6,227.42,201.09,200.53,200.4,198.88,196.8,0.2866,0.031,0.0326,0.0524,0.0618,0.0,0.0002,0.0028,0.0034,0.002,0.0,0.0,0.0,0.0,0.0,0.0,0.0,0.0,0.0,0.0,Mg
Br[Mg]Cc1ccccc1,16,0,1,5.0197,195.3413,1618.209,2782.7479,-3042.80165602,0.118531,0.127693,0.128637,0.080886,-3042.717645,-3042.708482,-3042.707538,-3042.755289,C7H7BrMg,1.0,-0.2108,-0.04791,0.129355,0.08144499999999999,10.3815,1684.258,3160.9283,1.111834,0.754216,-0.001899,0.45712712397734423,0.545183,0.994245,1.24674,9.99850,0.73835,0.01641,10.75326,515.5486,282.3078,0.035731,0.73736,9.99725,1.23060,0.03478,11.26264,323.81,282.19,262.24,260.73,237.31,231.25,230.8,224.0,213.63,211.09,0.1593,0.0006,0.1339,0.0013,0.0193,0.0468,0.0516,0.0176,0.3049,0.0091,0.0,0.0,0.0,0.0,0.0,0.0,0.0,0.0,0.0,0.0,Mg
CC(O[Al](OC(C)(C)C)OC(C)(C)C)(C)C,43,0,1,3.1849,246.325,2525.88,5131.8868,-941.765985089,0.381014,0.40349,0.404434,0.327158,-941.450712,-941.428236,-941.427292,-941.504567,C12H27AlO3,1.0,-0.2639,0.00499,0.12945500000000001,0.134445,3.4901,2099.828,5137.2104,0.000491,0.00021,-0.000887,0.6600849590937696,1.008776,1.754415,2.01925,9.99669,0.94715,0.03691,10.98075,518.5105,47.9401,0.366505,1.43384,9.99675,1.51445,0.05496,11.56616,200.08,200.07,187.91,183.98,183.95,177.64,167.4,167.39,166.81,165.51,0.0,0.0,0.0,0.0446,0.0445,0.0628,0.1346,0.1347,0.0009,0.0,0.0,0.0,0.0,0.0,0.0,0.0,0.0,0.0,0.0,0.0,Al
CC(O[Zr](OC(C)(C)C)(OC(C)(C)C)OC(C)(C)C)(C)C,57,0,1,0.4477,383.678,3162.053,7348.7925,-979.017838461,0.503537,0.532653,0.533597,0.437912,-978.628487,-978.599371,-978.598427,-978.694111,C16H36O4Zr,1.0,-0.25027,0.02223,0.11402,0.13624999999999998,1.0974,3307.435,8695.9965,-0.000714,0.001246,-0.007985,0.6658275645059786,1.382858,3.142587,1.98170,35.95490,2.04880,0.01460,38.01830,-23.3986,0.237,1.107469,1.58617,35.95230,2.40881,0.05272,38.41383,200.57,200.53,200.41,194.83,194.75,194.69,192.94,192.31,192.18,192.13,0.0001,0.0003,0.0002,0.0248,0.0237,0.0256,0.0,0.0003,0.0004,0.0005,0.0,0.0,0.0,0.0,0.0,0.0,0.0,0.0,0.0,0.0,Zr
CCB(CC)CC,22,0,1,0.1211,97.9945,1105.226,1048.2963,-262.531979299,0.201691,0.212188,0.213132,0.164614,-262.335353,-262.324857,-262.323912,-262.37243,C6H15B,1.0,-0.2738,-0.01212,0.14296,0.13083999999999998,1.608,1122.769,1063.976,0.000136,-0.003168,-0.572975,0.7077564505978603,0.445974,0.734370,0.98968,1.99923,1.99526,0.01583,4.01032,29.0343,139.4075,0.150464,0.39768,1.99917,2.57730,0.02584,4.60232,217.01,216.9,161.6,157.97,157.89,150.99,150.95,149.5,140.8,140.76,0.0021,0.002,0.0077,0.0288,0.0292,0.0532,0.0533,0.0016,0.0044,0.0043,0.0,0.0,0.0,0.0,0.0,0.0,0.0,0.0,0.0,0.0,B
CCCC[N+](CCCC)(CCCC)CCCC,53,1,1,1.5181,242.4671,2377.555,5985.793,-685.907711664,0.508658,0.531553,0.532497,0.45513,-685.421598,-685.398703,-685.397759,-685.475126,C16H36N,1.0,-0.44437,-0.06803,0.2562,0.18817,6.7769,2717.206,6301.4533,0.021446,0.13381,-0.131441,0.8652454373820012,-0.405329,-0.468931,-0.28831,1.99947,5.28136,0.00748,7.28831,177.3232,20.4688,-0.332216,-0.32102,1.99948,5.31134,0.01020,7.32102,131.37,130.43,130.19,129.8,129.53,129.41,129.2,128.81,128.76,128.63,0.0011,0.0016,0.0043,0.0058,0.0079,0.0068,0.0159,0.0058,0.0024,0.0116,0.0,0.0,0.0,0.0,0.0,0.0,0.0,0.0,0.0,0.0,N
CCC[N+](CCC)(CCC)CCC,41,1,1,0.0427,186.3599,1993.76,3471.3552,-528.67904428,0.394756,0.412066,0.41301,0.350448,-528.290445,-528.273135,-528.272191,-528.334753,C12H28N,1.0,-0.46865,-0.08254,0.27559500000000003,0.193055,0.002,2245.844,3461.237,3.1e-05,-2e-06,-8e-06,0.8579295154185022,-0.412987,-0.496671,-0.28569,1.99947,5.27916,0.00706,7.28569,177.5962,14.5465,-0.404884,-0.28382,1.99947,5.27716,0.00720,7.28382,128.86,126.86,126.86,125.14,125.1,125.1,124.63,124.58,123.14,123.14,0.0,0.0022,0.0022,0.0,0.0001,0.0001,0.0015,0.0,0.0527,0.0527,0.0,0.0,0.0,0.0,0.0,0.0,0.0,0.0,0.0,0.0,N
CC[N+](CC)(CC)CC,29,1,1,0.0477,130.2527,1432.201,1434.7891,-371.423983045,0.28051,0.29199,0.292934,0.244743,-371.147212,-371.135731,-371.134787,-371.182979,C8H20N,1.0,-0.50374,-0.09276,0.29824999999999996,0.20548999999999998,0.0166,1378.493,1435.3966,0.000488,-0.000761,0.000212,0.8576935179358087,-0.382118,-0.465389,-0.29941,1.99947,5.29298,0.00697,7.29941,179.3724,17.8263,-0.363404,-0.31397,1.99947,5.30736,0.00714,7.31397,121.62,119.6,117.73,117.71,115.36,114.68,114.53,114.53,113.93,112.39,0.0,0.0029,0.0136,0.0136,0.0,0.0,0.01,0.01,0.008,0.0053,0.0,0.0,0.0,0.0,0.0,0.0,0.0,0.0,0.0,0.0,N
COB(OC)OC,16,0,1,1.3428,103.9123,1008.855,890.8368,-370.314784041,0.133422,0.142252,0.143196,0.099146,-370.241231,-370.232402,-370.231457,-370.275507,C3H9BO3,1.0,-0.26914,0.07481,0.097165,0.171975,1.7731,1073.942,905.1304,0.188607,-0.285148,-0.034388,0.5891283826305853,0.562819,1.570461,1.29960,1.99905,1.66960,0.03175,3.70040,96.1842,6.4959,0.310817,0.89045,1.99909,2.05697,0.05349,4.10955,147.75,146.81,143.06,142.69,141.68,138.81,135.35,133.56,128.77,128.53,0.0807,0.0203,0.0268,0.0553,0.1344,0.0023,0.0145,0.0153,0.042,0.0016,0.0,0.0,0.0,0.0,0.0,0.0,0.0,0.0,0.0,0.0,B
C[Al](C)C,13,0,1,0.0298,72.0856,901.256,546.2152,-362.18604425,0.106678,0.113525,0.11447,0.0757,-362.082464,-362.075617,-362.074673,-362.113442,C3H9Al,1.0,-0.25938,-0.01803,0.138705,0.120675,2.7255,901.256,542.4271,0.008294,-0.012069,-1e-06,0.5643486469477659,0.730683,1.246386,1.77706,9.99804,1.21077,0.01413,11.22294,321.134,124.6578,0.158776,0.99247,9.99635,1.98694,0.02423,12.00753,231.04,230.51,177.52,176.53,152.91,151.57,150.7,150.31,145.41,143.22,0.0,0.0,0.101,0.1424,0.0022,0.0011,0.0801,0.0757,0.0004,0.078,0.0,0.0,0.0,0.0,0.0,0.0,0.0,0.0,0.0,0.0,Al
C[Mg]I,6,0,1,3.2529,166.2442,1157.117,759.7058,-251.445177124,0.035822,0.041106,0.04205,0.006,-251.41428,-251.408996,-251.408052,-251.444102,CH3IMg,1.0,-0.25972,-0.04764,0.15368,0.10604,4.2498,1157.117,708.3511,1.584701,0.000142,-4.8e-05,0.4260541220893644,0.482448,0.995318,1.18034,9.99862,0.79962,0.02142,10.81966,490.2808,335.3239,0.041823,0.58185,9.99838,1.37533,0.04444,11.41815,254.79,254.79,226.11,218.98,218.97,218.85,218.65,218.65,202.93,177.75,0.0378,0.0378,0.2565,0.0256,0.0255,0.0,0.0001,0.0001,0.2503,0.3874,0.0,0.0,0.0,0.0,0.0,0.0,0.0,0.0,0.0,0.0,Mg
C[N+](C)(C)C,17,1,1,0.0003,74.1455,849.53,452.0266,-214.164752091,0.164738,0.171397,0.172341,0.135777,-214.000419,-213.99376,-213.992816,-214.02938,C4H12N,1.0,-0.58034,-0.13205,0.356195,0.22414499999999998,0.6107,788.849,449.4842,-6.4e-05,-5.6e-05,-8.4e-05,0.7185336689741976,-0.359387,-0.371933,-0.29826,1.99950,5.29282,0.00594,7.29826,200.9647,0.1127,-0.216459,-0.39929,1.99954,5.38670,0.01306,7.39929,112.63,112.63,112.62,111.49,111.49,111.48,101.87,101.86,98.46,98.45,0.0,0.0,0.0,0.0045,0.0045,0.0045,0.0,0.0,0.0,0.0,0.0,0.0,0.0,0.0,0.0,0.0,0.0,0.0,0.0,0.0,N
C[Si](Cl)(C)C,14,0,1,2.3886,108.6426,997.808,758.807,-869.520967832,0.113443,0.122087,0.123032,0.080712,-869.409121,-869.400477,-869.399533,-869.441852,C3H9ClSi,1.0,-0.29077,0.04864,0.12106499999999998,0.169705,1.2954,955.348,778.6089,0.340199,0.000459,-3.9e-05,0.7014631843926998,0.718345,1.601722,1.76370,9.99814,2.18807,0.05008,12.23630,369.9389,38.3397,0.166312,1.20130,9.99781,2.74145,0.05944,12.79870,154.47,154.46,139.68,139.67,135.13,135.12,133.96,131.65,131.65,130.9,0.0067,0.0067,0.0724,0.0727,0.0004,0.0004,0.0,0.0606,0.0605,0.0031,0.0,0.0,0.0,0.0,0.0,0.0,0.0,0.0,0.0,0.0,Si
Cl[Al](Cl)Cl,4,0,1,0.0,133.3405,920.493,1007.5044,-1623.22036414,0.004786,0.010114,0.011058,-0.02454,-1623.22848,-1623.223152,-1623.222208,-1623.257807,AlCl3,1.0,-0.33326,-0.06547,0.19936500000000001,0.133895,0.0004,1048.339,907.4627,0.0,0.0,0.0,0.5459408432976715,0.575670,1.674913,1.49874,9.99966,1.44083,0.06077,11.50126,470.6392,30.2415,-0.034502,0.90983,9.99981,1.96178,0.12857,12.09017,200.36,191.8,187.62,187.62,181.12,181.12,175.57,175.57,170.2,170.2,0.0,0.0,0.0,0.0,0.0359,0.0359,0.0,0.0,0.0924,0.0924,0.0,0.0,0.0,0.0,0.0,0.0,0.0,0.0,0.0,0.0,Al
Cl[Zr](Cl)(Cl)Cl,5,0,1,0.0,233.032,864.915,1663.0606,-1887.62703281,0.004852,0.012571,0.013515,-0.029578,-1887.641529,-1887.63381,-1887.632866,-1887.675959,Cl4Zr,1.0,-0.35108,-0.12957,0.240325,0.110755,1.0711,1142.924,1498.8748,0.0,0.0,0.0,0.710509754562618,1.168590,2.250293,0.81018,35.98716,3.12914,0.07352,39.18982,-165.9001,0.1621,0.991571,0.61148,35.98916,3.29785,0.10151,39.38852,253.21,253.21,253.17,242.74,242.74,242.73,228.97,228.97,228.96,221.45,0.0,0.0,0.0,0.0204,0.0204,0.0203,0.0,0.0,0.0,0.0077,0.0,0.0,0.0,0.0,0.0,0.0,0.0,0.0,0.0,0.0,Zr
FB(F)F,4,0,1,0.0,67.8052,353.385,246.6945,-324.515085639,0.012556,0.016054,0.016998,-0.01191,-324.540666,-324.537168,-324.536224,-324.565132,BF3,1.0,-0.41408,0.03594,0.18907000000000002,0.22501,0.0001,405.353,210.5384,0.0,0.0,0.0,0.39018250471994964,0.646075,1.570924,1.43858,1.99996,1.52150,0.03996,3.56142,101.4752,8.0014,0.190959,0.72328,2.00000,2.22780,0.04892,4.27672,119.22,107.82,107.82,102.3,101.5,101.5,95.9,95.9,91.43,91.43,0.0,0.0,0.0,0.0,0.0529,0.0529,0.0,0.0,0.1636,0.1636,0.0,0.0,0.0,0.0,0.0,0.0,0.0,0.0,0.0,0.0,B
[K+],1,1,1,0.0,39.0983,121.228,19.6327,-599.72498925,0.0,0.001416,0.00236,-0.015176,-599.724989,-599.723573,-599.722629,-599.740165,K,1.0,-0.98252,-0.22031,0.601415,0.38110499999999997,0.0,666.751,35.3812,0.0,0.0,0.0,0.7715544367526747,1.000000,1.000000,1.00000,18.00000,0.00000,0.00000,18.00000,1324.9848,0.0,1.000000,0.99133,17.01165,0.99702,0.00000,18.00867,63.87,63.87,63.87,56.0,56.0,56.0,56.0,,,,0.1067,0.1067,0.1067,0.0,0.0,0.0,0.0,,,,0.0,0.0,0.0,0.0,0.0,0.0,0.0,,,,K
[Li]Cl,2,0,1,7.7246,42.393,459.254,70.1006,-467.792518998,0.001437,0.003942,0.004886,-0.019286,-467.794844,-467.79234,-467.791396,-467.815567,ClLi,1.0,-0.24808,-0.06052,0.1543,0.09378,4.2786,331.683,94.2348,0.0,0.0,-1.74636,0.32599118942731276,0.405289,0.743577,0.82153,1.99963,0.17135,0.00749,2.17847,92.2993,22.166,-0.134370,-0.03319,2.00003,1.02769,0.00547,3.03319,298.4,298.4,252.63,209.57,209.54,207.29,186.79,185.97,185.97,175.69,0.0261,0.0261,0.0266,0.0,0.0,0.0,0.1822,0.0257,0.0257,0.117,0.0,0.0,0.0,0.0,0.0,0.0,0.0,0.0,0.0,0.0,Li
C[Al](c1ccccc1)C,20,0,1,1.6633,134.1564,1027.452,1713.9094,-553.892747892,0.162071,0.173283,0.174228,0.122612,-553.764165,-553.752953,-553.752009,-553.803624,C8H11Al,1.0,-0.24388,-0.03772,0.1408,0.10308,5.56,784.108,1813.2748,1.704764,-1.8e-05,-4e-05,0.5940843297671492,0.621068,1.360625,1.76231,9.99761,1.22520,0.01488,11.23769,338.7238,71.5437,0.347194,1.34129,9.99771,1.64140,0.01960,11.65871,254.39,246.75,241.82,237.07,203.47,202.05,189.95,185.89,185.83,185.21,0.0091,0.0002,0.0003,0.2408,0.0195,0.0,0.0829,0.0124,0.0,0.0,0.0,0.0,0.0,0.0,0.0,0.0,0.0,0.0,0.0,0.0,Al
[Li][Al](c1ccccc1)(C)(C)C,25,0,1,9.145,156.1311,1739.083,2184.962,-601.261067329,0.199382,0.213977,0.214922,0.158294,-601.198499,-601.183903,-601.182959,-601.239587,C9H14AlLi,1.0,-0.239,-0.0343,0.13665,0.10235,5.4435,1987.524,2203.0722,-1.582539,-0.016571,0.202119,0.7328508495909377,0.786018,1.328649,1.62247,9.99531,1.36613,0.01609,11.37753,472.5955,64.2363,0.871315,1.68573,9.99297,1.30013,0.02117,11.31427,260.54,258.25,250.11,242.68,234.52,234.24,233.41,225.64,223.08,219.23,0.0032,0.0057,0.0276,0.0048,0.0107,0.0007,0.0019,0.0132,0.0021,0.0056,0.0,0.0,0.0,0.0,0.0,0.0,0.0,0.0,0.0,0.0,Al
CC(C[Al](c1ccccc1)CC(C)C)C,38,0,1,1.295,218.3172,2127.6,5134.6686,-789.766718214,0.334305,0.352051,0.352995,0.28714,-789.463279,-789.445534,-789.444589,-789.510444,C14H23Al,1.0,-0.24201,-0.03794,0.13997500000000002,0.102035,5.9958,2572.173,4947.2937,-0.440907,0.024605,-0.675274,0.6773127753303965,0.548321,1.369984,1.82974,9.99757,1.15416,0.01853,11.17026,334.034,78.3564,0.199984,1.27594,9.99587,1.70958,0.01861,11.72406,270.99,257.52,254.52,238.48,208.23,205.3,204.2,192.26,191.72,190.72,0.0008,0.0,0.0071,0.2315,0.0002,0.0178,0.0003,0.0038,0.0567,0.0188,0.0,0.0,0.0,0.0,0.0,0.0,0.0,0.0,0.0,0.0,Al
FC(c1ccc(cc1)B1OCC(CO1)(C)C)(F)F,32,0,1,3.1754,258.0466,2036.097,7146.3166,-940.613734586,0.251791,0.268397,0.269341,0.205309,-940.405154,-940.388548,-940.387603,-940.451636,C12H14BF3O2,1.0,-0.25435,-0.03673,0.14554,0.10881000000000002,4.3543,1989.822,7205.6188,1.507901,6.1e-05,-0.288008,0.6625235997482694,0.443296,1.351482,1.13636,1.99903,1.83713,0.02748,3.86364,86.457,15.2252,0.392224,1.04633,1.99905,1.92659,0.02803,3.95367,243.29,219.41,201.22,197.73,186.35,181.79,180.33,175.61,173.53,170.45,0.014,0.3609,0.0,0.0064,0.0054,0.2669,0.7493,0.0001,0.0008,0.004,0.0,0.0,0.0,0.0,0.0,0.0,0.0,0.0,0.0,0.0,B
c1ccc(cc1)[Al](c1ccccc1)c1ccccc1,34,0,1,1.1551,258.298,2114.005,6145.3336,-937.370371559,0.272329,0.288981,0.289926,0.224841,-937.125333,-937.108681,-937.107737,-937.172821,C18H15Al,1.0,-0.24469,-0.05224,0.14846499999999999,0.09622499999999999,4.8673,2659.555,6566.681,-0.000112,-0.000132,-0.000289,0.6538703587161737,0.399426,1.621972,1.75575,9.99685,1.22984,0.01756,11.24425,369.6022,11.718,0.113001,1.30353,9.99688,1.68418,0.01541,11.69647,269.14,269.13,267.36,266.8,266.76,253.7,253.66,248.76,222.09,222.01,0.0001,0.0002,0.0019,0.1878,0.189,0.0439,0.044,0.0,0.0003,0.0002,0.0,0.0,0.0,0.0,0.0,0.0,0.0,0.0,0.0,0.0,Al
Br[Mg]c1c(C)cc(cc1C)C,22,0,1,4.0509,223.3949,1778.409,4628.0022,-3121.45444621,0.173158,0.18676,0.187705,0.127911,-3121.297223,-3121.283621,-3121.282677,-3121.342471,C9H11BrMg,1.0,-0.23031,-0.03453,0.13241999999999998,0.09788999999999999,14.1972,1422.728,4323.3379,1.331504,0.018575,-2.1e-05,0.5067652611705475,0.387535,1.088361,1.21631,9.99791,0.76914,0.01664,10.78369,512.2136,285.2319,-0.134721,0.60843,9.99843,1.36551,0.02763,11.39157,275.92,268.87,260.92,250.73,234.56,230.18,226.35,225.12,221.23,220.45,0.0058,0.0001,0.01,0.1683,0.0158,0.0,0.0001,0.3736,0.0303,0.0632,0.0,0.0,0.0,0.0,0.0,0.0,0.0,0.0,0.0,0.0,Mg
CC(C[Al](c1ccc(cc1)F)CC(C)C)C,38,0,1,2.1674,236.3077,1756.653,5779.0576,-889.003136819,0.326047,0.345563,0.346507,0.27508,-888.707443,-888.687927,-888.686983,-888.75841,C14H22AlF,1.0,-0.24217,-0.03862,0.140395,0.101775,7.7726,2244.612,6058.8892,-0.677392,-0.080289,-3.1e-05,0.684550031466331,0.535740,1.384151,1.83394,9.99759,1.14873,0.01974,11.16606,333.0064,67.3681,0.187767,1.26003,9.99584,1.72578,0.01835,11.73997,266.96,248.99,245.87,243.1,210.9,210.44,207.35,191.55,189.35,187.28,0.0008,0.0013,0.0006,0.26,0.0012,0.0002,0.0557,0.0451,0.011,0.0272,0.0,0.0,0.0,0.0,0.0,0.0,0.0,0.0,0.0,0.0,Al
CC([Si](Oc1ccc(cc1)[Li])(C)C)(C)C,34,0,1,6.0188,214.307,1993.188,4194.5353,-840.99649601,0.281418,0.299283,0.300227,0.236457,-840.724097,-840.706231,-840.705287,-840.769058,C12H19LiOSi,1.0,-0.18061,-0.04996,0.115285,0.065325,13.824,1538.601,4333.7956,-6.346919,0.002763,0.00266,0.35934550031466334,0.362020,0.688797,0.79429,1.99863,0.20092,0.00616,2.20571,90.8124,15.9627,-0.302005,-0.05989,1.99880,1.05850,0.00259,3.05989,437.09,405.49,335.72,287.79,287.22,285.29,281.05,251.79,249.12,242.4,0.0098,0.1147,0.0,0.0,0.0312,0.0725,0.2681,0.0039,0.0,0.0006,0.0,0.0,0.0,0.0,0.0,0.0,0.0,0.0,0.0,0.0,Li
COc1cc(OC)cc(c1)[Al](CC(C)C)CC(C)C,46,0,1,1.7681,278.3696,3083.231,7708.3298,-1018.81131715,0.399575,0.423537,0.424482,0.342575,-1018.444405,-1018.420442,-1018.419498,-1018.501404,C16H27AlO2,1.0,-0.20919,-0.03616,0.12267499999999999,0.086515,6.3706,2714.584,7960.5682,1.189114,-0.000346,-0.020486,0.685336689741976,0.543998,1.378630,1.83829,9.99759,1.14424,0.01988,11.16171,332.5072,66.9926,0.221064,1.30524,9.99758,1.68152,0.01566,11.69476,302.36,271.62,266.71,256.09,224.39,212.6,205.61,200.71,196.54,189.54,0.0206,0.1487,0.0063,0.0005,0.0022,0.0,0.0899,0.0088,0.0051,0.0552,0.0,0.0,0.0,0.0,0.0,0.0,0.0,0.0,0.0,0.0,Al
CC(C[Al](c1c(C)cccc1C)CC(C)C)C,44,0,1,0.9999,246.3708,2727.937,5847.5131,-868.402064001,0.389226,0.411355,0.412299,0.336194,-868.03759,-868.015462,-868.014517,-868.090623,C16H27Al,1.0,-0.22634,-0.01674,0.12154000000000001,0.1048,2.0442,2758.587,5530.5632,0.604236,0.104568,-0.340125,0.7363121460037759,0.546567,1.287177,1.86798,9.99773,1.11086,0.02343,11.13202,330.282,125.192,0.044405,1.05440,9.99691,1.93334,0.01536,11.94560,259.75,248.56,237.49,236.5,231.98,223.33,217.98,206.05,205.22,199.66,0.0127,0.0056,0.0012,0.0061,0.0025,0.1395,0.0198,0.0069,0.0069,0.0708,0.0,0.0,0.0,0.0,0.0,0.0,0.0,0.0,0.0,0.0,Al
Br[Mg]Br,3,0,1,0.0,184.113,996.537,1727.041,-5343.6505503,0.00228,0.006756,0.0077,-0.025133,-5343.664733,-5343.660257,-5343.659312,-5343.692146,Br2Mg,1.0,-0.29333,-0.07146,0.18239499999999997,0.11093499999999999,0.0,739.366,1451.1442,0.0,0.0,0.0,0.4247954688483323,0.483742,1.100669,1.19156,9.99960,0.78678,0.02205,10.80844,529.7688,284.3865,-0.040120,0.53994,9.99978,1.42228,0.03800,11.46006,247.33,247.33,236.86,236.86,199.41,191.93,191.08,191.08,187.7,187.39,0.0,0.0,0.0744,0.0744,0.1011,0.0,0.0,0.0,0.0,0.0,0.0,0.0,0.0,0.0,0.0,0.0,0.0,0.0,0.0,0.0,Mg
CC(=O)O[Ag],8,0,1,7.3387,166.9125,684.274,700.4092,-374.221935802,0.050184,0.056455,0.057399,0.016685,-374.177092,-374.170822,-374.169877,-374.210592,C2H3AgO2,1.0,-0.22731,-0.13983,0.18357,0.04374,2.3128,848.5,751.4682,1.198084,0.002099,-3.5e-05,0.45217117684078034,0.430219,0.522164,0.62884,35.99787,10.36770,0.00559,46.37116,266.67,73.4928,0.180790,0.33725,35.99922,10.65725,0.00628,46.66275,629.31,561.36,443.31,266.51,259.55,258.39,251.54,250.63,249.28,235.63,0.0398,0.003,0.0934,0.0089,0.0,0.0278,0.0016,0.0013,0.0404,0.0207,0.0,0.0,0.0,0.0,0.0,0.0,0.0,0.0,0.0,0.0,Ag
CC(O[Ti](OC(C)C)(OC(C)C)OC(C)C)C,45,0,1,1.7094,284.2508,2743.188,5462.7604,-1624.53869661,0.394651,0.420167,0.421111,0.331272,-1624.314719,-1624.289202,-1624.288258,-1624.378097,C12H28O4Ti,1.0,-0.25123,-0.02481,0.13802,0.11321,1.877,2841.159,5967.0129,-0.034958,0.040569,-0.112267,0.6687382001258654,1.221443,2.826143,1.50637,17.95951,2.51158,0.02254,20.49363,-16.596,48.0424,1.075179,1.29521,17.95968,2.71284,0.03227,20.70479,255.47,246.72,240.83,238.15,230.98,227.01,218.08,217.64,217.28,214.97,0.0016,0.0049,0.0121,0.0149,0.0135,0.0079,0.0012,0.0013,0.002,0.0083,0.0,0.0,0.0,0.0,0.0,0.0,0.0,0.0,0.0,0.0,Ti
CC(O[Y](OC(C)C)OC(C)C)C,34,0,1,5.6762,266.169,2222.865,4067.3699,-619.33030533,0.294023,0.313843,0.314787,0.238533,-619.118104,-619.098284,-619.09734,-619.173594,C9H21O3Y,1.0,-0.24036,-0.06607,0.153215,0.087145,0.5169,2261.862,5152.5273,-0.09391,-0.115872,-0.097343,0.6379798615481435,1.207285,2.560407,1.97256,35.96648,1.05125,0.00971,37.02744,33.014,18.526,0.692631,1.25489,35.96697,1.77012,0.00802,37.74511,331.23,311.29,296.87,296.01,289.59,289.42,213.17,212.03,211.66,203.63,0.0,0.0399,0.0054,0.0062,0.0003,0.0001,0.0009,0.0005,0.0006,0.0003,0.0,0.0,0.0,0.0,0.0,0.0,0.0,0.0,0.0,0.0,Y
CCO[Na],9,0,1,7.2828,68.0507,558.701,430.4073,-316.729300973,0.068675,0.074311,0.075255,0.039048,-316.673201,-316.667565,-316.666621,-316.702828,C2H5NaO,1.0,-0.1595,-0.06369,0.111595,0.047905,6.5307,819.429,484.1272,-2.153086,-0.25637,3.5e-05,0.48662680931403396,0.581431,0.728478,0.84168,9.99641,0.15117,0.01074,10.15832,579.5532,72.0805,0.091100,0.02277,9.99708,0.97262,0.00753,10.97723,711.21,685.49,341.39,341.15,333.98,302.6,281.91,276.45,227.74,225.31,0.0106,0.0123,0.0014,0.0015,0.0011,0.1308,0.0066,0.0162,0.0022,0.0086,0.0,0.0,0.0,0.0,0.0,0.0,0.0,0.0,0.0,0.0,Na
Cl[Mg]Cl,3,0,1,0.0,95.211,439.574,775.4869,-1120.61825615,0.00261,0.006958,0.007903,-0.022986,-1120.628065,-1120.623716,-1120.622772,-1120.65366,Cl2Mg,1.0,-0.31632,-0.07871,0.197515,0.118805,0.0,468.879,670.1119,0.0,0.0,0.0,0.40717432347388294,0.540199,1.239767,1.34684,9.99956,0.63026,0.02334,10.65316,551.3705,246.2734,-0.007973,0.64486,9.99974,1.32051,0.03489,11.35514,230.59,230.59,222.54,222.54,189.3,175.92,175.5,175.5,174.62,173.16,0.0,0.0,0.0764,0.0764,0.1381,0.0,0.0,0.0,0.0,0.0,0.0,0.0,0.0,0.0,0.0,0.0,0.0,0.0,0.0,0.0,Mg
Cl[Zn]Cl,3,0,1,0.0,136.286,473.304,682.5636,-2699.60681469,0.00237,0.006814,0.007758,-0.0239,-2699.611295,-2699.606852,-2699.605908,-2699.637566,Cl2Zn,1.0,-0.32149,-0.06951,0.1955,0.12599,0.0,572.948,618.8142,0.0,0.0,0.0,0.5103838892385147,0.616159,1.021944,1.06160,17.99946,10.92747,0.01147,28.93840,1924.0433,911.045,0.086798,0.51491,17.99967,11.44269,0.04273,29.48509,217.91,217.91,197.85,197.85,175.57,174.51,174.5,173.87,163.81,162.88,0.0,0.0,0.0522,0.0522,0.0,0.0,0.0,0.0157,0.0,0.0,0.0,0.0,0.0,0.0,0.0,0.0,0.0,0.0,0.0,0.0,Zn
FC(S(=O)(=O)O[Al](OS(=O)(=O)C(F)(F)F)OS(=O)(=O)C(F)(F)F)(F)F,25,0,1,4.914,474.1747,2224.436,10367.2546,-3126.53049688,0.088506,0.114232,0.115176,0.026739,-3126.768933,-3126.743207,-3126.742263,-3126.8307,C3AlF9O9S3,1.0,-0.3338,-0.05082,0.19230999999999998,0.14149,6.4083,2344.676,9750.8602,0.06148,-0.073321,-0.075,0.7474040276903713,0.985006,2.059429,2.03193,9.99771,0.92937,0.04098,10.96807,573.5759,65.9446,0.655775,1.72050,9.99751,1.22914,0.05285,11.27950,179.03,176.43,169.75,168.31,166.07,163.08,162.8,160.79,159.24,157.49,0.0002,0.0037,0.0003,0.0245,0.0012,0.0138,0.0055,0.0062,0.0022,0.0029,0.0,0.0,0.0,0.0,0.0,0.0,0.0,0.0,0.0,0.0,Al
FC(S(=O)(=O)O[Y](OS(=O)(=O)C(F)(F)F)OS(=O)(=O)C(F)(F)F)(F)F,25,0,1,6.7672,536.0991,1979.542,11078.4428,-2922.0957412,0.086576,0.112987,0.113931,0.022995,-2922.36699,-2922.340579,-2922.339635,-2922.430571,C3F9O9S3Y,1.0,-0.34828,-0.08569,0.21698499999999998,0.131295,1.0957,2212.43,11032.0831,-0.2656,-0.335065,-0.05438,0.8119100062932662,1.206171,2.476764,1.90904,35.99152,1.00065,0.09878,37.09096,43.8325,18.414,0.778726,1.25533,35.98500,1.64749,0.11219,37.74467,202.24,192.95,191.13,183.59,181.65,179.53,179.04,178.51,177.74,176.88,0.0024,0.0004,0.0015,0.0282,0.0088,0.0111,0.0024,0.005,0.0045,0.0048,0.0,0.0,0.0,0.0,0.0,0.0,0.0,0.0,0.0,0.0,Y
FC(S(=O)(=O)O[Zn]OS(=O)(=O)C(F)(F)F)(F)F,17,0,1,5.7245,363.5088,1514.788,5679.8276,-3701.81623133,0.057827,0.075324,0.076268,0.008194,-3701.982248,-3701.964752,-3701.963808,-3702.031881,C2F6O6S2Zn,1.0,-0.3381,-0.06177,0.199935,0.138165,1.913,1541.363,6246.2781,0.0,-0.500947,-0.000125,0.6623662680931404,0.902804,1.379487,1.33153,17.99893,10.65427,0.01527,28.66847,2005.316,197.2147,0.369077,0.78466,17.99864,11.19239,0.02431,29.21534,192.1,191.69,170.47,170.25,169.19,168.29,161.23,161.22,155.75,155.72,0.003,0.0038,0.0139,0.0933,0.0306,0.011,0.0078,0.0077,0.0036,0.1559,0.0,0.0,0.0,0.0,0.0,0.0,0.0,0.0,0.0,0.0,Zn
F[Ag],2,0,1,5.0064,126.8664,343.117,148.045,-245.581576013,0.001144,0.003727,0.004671,-0.022072,-245.580702,-245.578119,-245.577175,-245.603918,AgF,1.0,-0.27097,-0.12946,0.20021499999999998,0.070755,0.2577,369.51,154.4061,0.0,0.0,0.319261,0.40151038388923854,0.467179,0.582562,0.63020,35.99874,10.36116,0.00990,46.36980,258.8884,90.7553,0.241430,0.26019,36.00049,10.72827,0.01106,46.73981,472.92,472.92,386.03,262.56,262.41,239.69,239.69,203.4,203.18,202.58,0.0097,0.0097,0.0297,0.0,0.0,0.0012,0.0012,0.0,0.0145,0.0,0.0,0.0,0.0,0.0,0.0,0.0,0.0,0.0,0.0,0.0,Ag
F[Fe](F)F,4,0,2,0.1949,112.8422,402.321,383.5872,-1563.08523282,0.005871,0.009501,0.010445,-0.021926,-1563.106595,-1563.102965,-1563.10202,-1563.134391,F3Fe,1.0,0,0,-0.0,0.0,0.0063,482.785,336.3922,0.0,0.0,0.015109,0.47451227186910006,1.103093,1.797222,1.33463,17.99367,6.65061,0.02108,24.66537,-23008.5291,66343.7861,1.107492,1.34727,17.99418,6.63676,0.02179,24.65273,-2056.24,-2484.87,-4019.81,-6115.35,-7650.32,13488.15,9653.98,5189.58,2615.38,1532.24,-0.0,-0.0,-0.0,-0.0,-0.0,0.0,0.0,0.0,0.0,0.0,2.637,3.058,2.781,2.777,0.881,0.759,0.724,0.753,0.446,0.739,Fe
F[Mg]F,3,0,1,0.0,62.3018,288.037,297.6159,-399.85837774,0.00407,0.007978,0.008923,-0.019394,-399.886044,-399.882135,-399.881191,-399.909508,F2Mg,1.0,-0.34429,-0.0684,0.206345,0.13794499999999998,0.0,345.645,244.3177,0.0,0.0,0.0,0.3410950283196979,1.009055,1.277054,1.51837,9.99923,0.43734,0.04505,10.48163,571.4575,210.1831,0.534056,0.80989,9.99948,1.15731,0.03333,11.19011,198.98,198.98,192.84,192.84,177.53,165.37,148.62,147.87,147.87,146.78,0.0,0.0,0.085,0.085,0.0755,0.0,0.0,0.0,0.0,0.0,0.0,0.0,0.0,0.0,0.0,0.0,0.0,0.0,0.0,0.0,Mg
F[Zn]F,3,0,1,0.0,103.3768,505.521,263.5221,-1978.84279305,0.003872,0.007839,0.008783,-0.020441,-1978.846592,-1978.842624,-1978.84168,-1978.870904,F2Zn,1.0,-0.34222,-0.06022,0.20122,0.14100000000000001,0.0,643.39,244.5201,0.0,0.0,0.0,0.44493392070484583,0.963562,1.057876,1.27471,17.99954,10.71050,0.01525,28.72529,1719.8647,1208.4315,0.497413,0.78986,17.99971,11.15483,0.05561,29.21014,201.38,201.38,171.77,171.77,159.55,156.74,155.0,153.71,153.71,138.67,0.0,0.0,0.054,0.054,0.0,0.025,0.0,0.0,0.0,0.0,0.0,0.0,0.0,0.0,0.0,0.0,0.0,0.0,0.0,0.0,Zn
O[Na],3,0,1,6.4547,39.9971,293.821,104.6637,-238.108457601,0.010617,0.01404,0.014984,-0.012198,-238.09953,-238.096107,-238.095163,-238.122345,HNaO,1.0,-0.16892,-0.06174,0.11532999999999999,0.05358999999999999,3.6044,330.548,117.7701,0.038825,-0.918845,-0.0,0.4856828193832599,0.523612,0.638649,0.76948,9.99754,0.21917,0.01382,10.23052,579.9791,72.425,0.207858,0.11891,9.99969,0.82176,0.05964,10.88109,628.62,505.01,318.66,307.55,302.36,278.18,276.24,259.86,216.15,206.78,0.0203,0.0573,0.0009,0.0153,0.0131,0.0358,0.0557,0.0662,0.0212,0.0046,0.0,0.0,0.0,0.0,0.0,0.0,0.0,0.0,0.0,0.0,Na
[Li]I,2,0,1,8.0558,133.8445,584.048,104.1553,-18.9826198928,0.001111,0.003705,0.004649,-0.021748,-18.984214,-18.98162,-18.980676,-19.007072,ILi,1.0,-0.22141,-0.06723,0.14432,0.07708999999999999,4.502,700.858,133.0303,0.0,0.0,-2.306326,0.34392699811202015,0.313735,0.694714,0.74484,1.99973,0.24471,0.01073,2.25516,92.3155,22.2217,-0.149478,-0.06615,2.00000,1.05551,0.01065,3.06615,371.04,371.04,295.02,249.95,249.94,247.04,219.47,213.38,213.38,196.1,0.0242,0.0242,0.0522,0.0,0.0,0.0,0.3157,0.0508,0.0508,0.2326,0.0,0.0,0.0,0.0,0.0,0.0,0.0,0.0,0.0,0.0,Li
[Li]OC(=O)C(C)(C)C,17,0,1,6.2522,108.0649,901.167,863.814,-353.992709761,0.137481,0.146627,0.147571,0.103798,-353.889558,-353.880412,-353.879467,-353.923241,C5H9LiO2,1.0,-0.25052,-0.03325,0.141885,0.10863500000000001,9.6974,1310.789,878.7642,2.955868,0.005664,-9.5e-05,0.3964757709251101,0.505759,0.759061,0.84244,1.99874,0.14797,0.01085,2.15756,90.4768,7.23,-0.171235,-0.07419,1.99884,1.07351,0.00184,3.07419,249.39,239.62,231.75,210.2,198.41,192.32,182.91,178.52,176.0,175.83,0.0,0.0,0.0841,0.0,0.0018,0.0226,0.0001,0.0027,0.0081,0.0008,0.0,0.0,0.0,0.0,0.0,0.0,0.0,0.0,0.0,0.0,Li
[Li]OC(C)(C)C,15,0,1,5.625,80.0545,921.681,501.9298,-240.612114662,0.126458,0.134096,0.135041,0.095836,-240.507689,-240.50005,-240.499106,-240.538311,C4H9LiO,1.0,-0.198,-0.04714,0.12257000000000001,0.07543,8.0064,1079.683,565.7545,-2.874783,0.000477,0.000674,0.3211925739458779,0.468891,0.740840,0.79586,1.99689,0.20060,0.00666,2.20414,92.6255,22.6573,0.004866,-0.02371,1.99754,1.02321,0.00296,3.02371,395.55,395.53,250.39,250.37,246.71,221.03,207.93,207.93,194.88,194.85,0.0206,0.0206,0.0007,0.0007,0.0,0.2083,0.0335,0.0335,0.0,0.0,0.0,0.0,0.0,0.0,0.0,0.0,0.0,0.0,0.0,0.0,Li
[Na]I,2,0,1,9.1526,149.8943,630.036,261.9609,-173.756644489,0.000581,0.003421,0.004365,-0.023902,-173.756279,-173.753439,-173.752495,-173.780762,INa,1.0,-0.20704,-0.08104,0.14404,0.063,3.2705,551.282,290.0839,0.0,0.0,-2.266839,0.5091252359974827,0.460803,0.710222,0.78416,9.99936,0.20940,0.00708,10.21584,581.0808,75.3874,0.001899,0.02911,10.00019,0.96310,0.00760,10.97089,463.28,463.28,349.31,266.72,266.72,264.67,244.14,236.21,236.21,227.64,0.015,0.015,0.1398,0.0,0.0,0.0,0.2212,0.0093,0.0093,0.2122,0.0,0.0,0.0,0.0,0.0,0.0,0.0,0.0,0.0,0.0,Na
[Na]OC(=O)O[Na],6,0,1,9.5697,105.9887,655.255,789.164,-588.445768622,0.017623,0.023778,0.024722,-0.013206,-588.483387,-588.477232,-588.476288,-588.514217,CNa2O3,1.0,-0.16892,-0.04543,0.10717499999999999,0.061744999999999994,0.5478,480.52,669.7827,2.144978,-0.708808,8e-06,0.5426368785399622,0.568821,0.772293,0.84609,9.99803,0.14299,0.01290,10.15391,573.4325,18.9324,0.341715,0.47725,9.99772,0.52133,0.00371,10.52275,472.14,427.25,363.5,351.74,336.26,325.38,320.07,307.63,290.18,274.53,0.0012,0.0007,0.0,0.0002,0.0102,0.0,0.0427,0.0422,0.0,0.0349,0.0,0.0,0.0,0.0,0.0,0.0,0.0,0.0,0.0,0.0,Na
[Na]OC(C)(C)C,15,0,1,6.2012,96.1043,848.986,690.8868,-395.369399787,0.124533,0.132773,0.133717,0.091124,-395.25505,-395.24681,-395.245866,-395.288459,C4H9NaO,1.0,-0.16594,-0.0647,0.11532,0.050620000000000005,6.9209,1033.548,837.2617,2.69734,0.000159,0.000303,0.4882787916928886,0.569352,0.731848,0.84085,9.99651,0.15171,0.01093,10.15915,579.7567,72.2228,0.059465,-0.00523,9.99715,1.00727,0.00082,11.00523,654.64,654.61,329.13,329.11,323.71,293.11,273.48,273.48,226.21,226.2,0.0121,0.0121,0.0003,0.0003,0.0,0.1427,0.0285,0.0285,0.0016,0.0016,0.0,0.0,0.0,0.0,0.0,0.0,0.0,0.0,0.0,0.0,Na
Br[Cu]Br,3,0,2,0.0,223.354,652.976,1604.1048,-6783.73109029,0.002004,0.006579,0.007523,-0.02638,-6783.74974,-6783.745165,-6783.744221,-6783.778124,Br2Cu,1.0,0,0,-0.0,0.0,0.0,627.862,1339.5083,0.0,0.0,0.0,0.500943989930774,0.541012,0.877677,0.90551,17.99940,10.08328,0.01180,28.09449,-18630.3075,19887.8334,0.410038,0.62976,18.00043,10.36274,0.00706,28.37024,-921.97,-921.97,-1986.15,-3168.82,-3168.82,13673.07,4086.17,1379.71,1379.71,587.18,-0.0,-0.0,-0.0,-0.0,-0.0,0.0,0.0,0.0,0.0,0.0,0.752,0.752,0.751,0.753,0.753,0.751,0.753,0.752,0.752,0.751,Cu
F[Cu]F,3,0,2,0.0,101.5428,382.204,281.0398,-1839.91360165,0.003665,0.007778,0.008722,-0.021845,-1839.925408,-1839.921295,-1839.920351,-1839.950918,CuF2,1.0,0,0,-0.0,0.0,0.0,261.508,246.0553,0.0,0.0,0.0,0.4159848961611076,0.958386,1.071333,1.26446,17.99950,9.71981,0.01623,27.73554,-11437.0819,24815.1721,0.985674,1.28035,17.99868,9.70457,0.01640,27.71965,-1063.9,-1069.1,-1069.1,8733.6,983.58,983.58,741.62,607.57,607.57,363.08,-0.0,-0.0,-0.0,0.0,0.0,0.0,0.0,0.0,0.0,0.0,0.75,0.752,0.752,0.751,0.753,0.753,0.753,0.753,0.753,0.752,Cu
[Cu]I,2,0,1,5.5985,190.4505,792.714,393.7098,-1651.61400168,0.000591,0.003425,0.004369,-0.024665,-1651.624258,-1651.621424,-1651.62048,-1651.649514,CuI,1.0,-0.2132,-0.1092,0.1612,0.052,2.554,594.535,334.9572,0.0,0.0,-1.524215,0.4122089364380113,0.255524,0.496387,0.47986,17.99901,10.50272,0.01841,28.52014,-3913.3995,9491.4956,0.255240,0.51188,17.99979,10.48247,0.00586,28.48812,1588.94,1588.74,1205.37,1205.37,620.5,384.74,384.74,302.8,302.8,295.35,0.0,0.0,0.001,0.001,0.0249,0.003,0.003,0.0,0.0,0.0023,0.0,0.0,0.0,0.0,0.0,0.0,0.0,0.0,0.0,0.0,Cu
O=S1(=O)O[Cu]O1,6,0,2,9.6162,159.6036,556.857,773.8295,-2339.22440848,0.016953,0.022593,0.023538,-0.014541,-2339.242431,-2339.236791,-2339.235847,-2339.273925,CuO4S,1.0,0,0,-0.0,0.0,7.9366,690.503,731.9812,1.470048,-2.5e-05,-2.5e-05,0.46617369414726245,0.858058,0.908988,1.18336,17.99643,9.80773,0.01248,27.81664,-3038.86,3417.2499,0.811222,1.15675,17.99782,9.83379,0.01164,27.84325,1091.85,870.94,680.92,601.85,513.48,508.72,505.57,498.83,487.93,476.17,0.0002,0.0,0.0008,0.0015,0.0,0.0,0.0001,0.001,0.0,0.0026,0.764,0.771,0.752,0.755,2.01,1.471,2.534,0.803,0.768,0.851,Cu
[Na]OP(=O)(O[Na])O,8,0,1,8.4209,141.9588,609.283,1080.9215,-967.566115016,0.028835,0.036958,0.037903,-0.004521,-967.637099,-967.628975,-967.628031,-967.670455,HNa2O4P,1.0,-0.20252,-0.04878,0.12565,0.07687000000000001,2.3077,739.844,922.2268,2.094448,-1.16285,0.053812,0.5602580239144116,0.531070,0.782938,0.87147,9.99769,0.11599,0.01484,10.12853,577.8483,26.0451,0.261198,0.45603,9.99758,0.53967,0.00671,10.54397,359.98,338.32,328.18,318.5,307.84,293.06,258.65,243.89,239.21,236.26,0.0005,0.002,0.0012,0.0083,0.0027,0.0029,0.0219,0.0149,0.0035,0.0544,0.0,0.0,0.0,0.0,0.0,0.0,0.0,0.0,0.0,0.0,Na
[Li]OC(=O)O[Li],6,0,1,15.3201,73.8892,474.909,324.4048,-278.865738741,0.020312,0.025422,0.026367,-0.00761,-278.984793,-278.979683,-278.978739,-279.012715,CLi2O3,1.0,-0.23129,-0.03078,0.13103499999999998,0.100255,0.9085,474.909,315.6307,-1.803036,0.889624,5.1e-05,0.4003303964757709,0.507365,0.748850,0.83299,1.99889,0.15647,0.01165,2.16701,90.1837,5.3318,0.235202,0.42751,1.99875,0.56675,0.00698,2.57249,270.97,254.6,244.33,242.9,230.2,229.66,227.6,219.42,206.93,192.41,0.0014,0.0001,0.0,0.0022,0.0159,0.0327,0.0,0.0156,0.0,0.0259,0.0,0.0,0.0,0.0,0.0,0.0,0.0,0.0,0.0,0.0,Li
